X,Y,Z
ft,ft,ft
0.501026,52,0.140071
0.750861,52,0.116372
1.000761,52,0.101552
1.250625,52,0.081941
1.500557,52,0.071582
1.750458,52,0.056959
2.000354,52,0.041762
2.250275,52,0.029914
2.5002,52,0.018644
2.750131,52,0.008175
3.000148,52,0.009668
3.250662,52,0.079763
3.500927,52,0.11554
3.751175,52,0.148855
4.001408,52,0.180218
4.251627,52,0.20953
4.501925,52,0.249911
4.7522,52,0.286949
5.002365,52,0.308955
5.252635,52,0.345313
5.502863,52,0.375993
5.752604,52,0.339256
6.002392,52,0.308983
6.252184,52,0.279368
6.501965,52,0.248126
6.751507,52,0.184019
7.001331,52,0.158763
7.250896,52,0.097663
7.500605,52,0.056585
7.750339,52,0.01886
7.999499,52,-0.098157
8.249307,52,-0.125709
8.499221,52,-0.138463
8.749114,52,-0.15412
8.99897,52,-0.174933
9.248899,52,-0.185726
9.498587,52,-0.229713
9.748604,52,-0.228315
9.998547,52,-0.237071
10.248576,52,-0.233948
10.49862,52,-0.228806
10.748609,52,-0.231211
10.998642,52,-0.227497
11.248697,52,-0.220872
11.498697,52,-0.221764
11.74872,52,-0.219537
11.998778,52,-0.212417
12.248808,52,-0.209114
12.498832,52,-0.206655
12.748818,52,-0.209583
12.998833,52,-0.208389
13.248826,52,-0.21017
13.498842,52,-0.208999
13.748843,52,-0.209633
13.998861,52,-0.208069
14.248873,52,-0.207298
14.498903,52,-0.204163
14.74894,52,-0.199891
14.99894,52,-0.200862
15.248965,52,-0.198205
15.498953,52,-0.200816
15.748952,52,-0.201852
15.998986,52,-0.198128
16.248982,52,-0.199515
16.498946,52,-0.205379
16.748964,52,-0.203765
16.998995,52,-0.200458
17.24912,52,-0.18408
17.499042,52,-0.195716
17.749082,52,-0.191074
17.999593,52,-0.121388
18.24991,52,-0.078433
18.500264,52,-0.030445
18.750677,52,0.025799
19.001126,52,0.086978
19.251454,52,0.131396
19.501931,52,0.19645
19.752311,52,0.248053
20.002701,52,0.301074
20.252983,52,0.339273
20.503352,52,0.389329
20.753727,52,0.440259
21.003928,52,0.467114
21.253114,52,0.353754
21.502722,52,0.298556
21.752544,52,0.273062
22.002325,52,0.241855
22.251428,52,0.116961
22.501177,52,0.081364
22.751099,52,0.069639
23.00098,52,0.052332
23.250871,52,0.036372
23.500754,52,0.019214
23.750635,52,0.001898
24.000576,52,-0.007174
24.250502,52,-0.018241
24.500362,52,-0.038594
24.75026,52,-0.053527
25.000148,52,-0.06998
25.250058,52,-0.083325
25.499881,52,-0.108655
25.749799,52,-0.120939
25.999771,52,-0.12573
26.249676,52,-0.139698
26.499611,52,-0.14957
26.749522,52,-0.162785
26.999495,52,-0.167414
27.249459,52,-0.173385
27.499436,52,-0.177433
27.749358,52,-0.18911
27.999234,52,-0.207189
28.24932,52,-0.19614
28.499307,52,-0.198847
28.749328,52,-0.196886
28.999318,52,-0.199143
29.249303,52,-0.202137
29.499269,52,-0.207759
29.749253,52,-0.210798
29.999224,52,-0.215739
30.249252,52,-0.212851
30.49925,52,-0.213969
30.749184,52,-0.224047
30.999199,52,-0.222847
31.249155,52,-0.229781
31.499125,52,-0.234929
31.749055,52,-0.245474
31.998988,52,-0.255697
32.248929,52,-0.264703
32.498905,52,-0.268983
32.748841,52,-0.27873
32.998725,52,-0.295572
33.248661,52,-0.305429
33.49857,52,-0.318819
33.748529,52,-0.325397
33.998404,52,-0.343682
34.248326,52,-0.355286
34.498259,52,-0.365531
34.748247,52,-0.368026
34.997987,52,-0.40496
35.248041,52,-0.398344
35.498041,52,-0.399264
35.748105,52,-0.391312
35.998209,52,-0.377837
36.248277,52,-0.369373
36.498344,52,-0.360915
36.748379,52,-0.357011
36.998409,52,-0.353757
37.248439,52,-0.35057
37.498559,52,-0.33484
37.748715,52,-0.314217
37.998814,52,-0.301435
38.248919,52,-0.287788
38.499039,52,-0.272135
38.749062,52,-0.269858
38.999113,52,-0.263621
39.249252,52,-0.245404
39.499452,52,-0.218569
39.749581,52,-0.201609
39.999852,52,-0.165057
40.250333,52,-0.099526
40.500759,52,-0.041479
40.751181,52,0.015974
41.001682,52,0.084263
41.252156,52,0.148978
41.502585,52,0.207345
41.752902,52,0.250272
42.003329,52,0.308373
42.253777,52,0.369405
42.504013,52,0.401131
42.753917,52,0.386966
43.0036,52,0.342334
43.253373,52,0.310032
43.503066,52,0.266635
43.752731,52,0.219369
44.00235,52,0.165816
44.252046,52,0.122853
44.501731,52,0.078465
44.751023,52,-0.020369
45.000813,52,-0.050305
45.250654,52,-0.073218
45.50058,52,-0.084407
45.750521,52,-0.093346
46.000477,52,-0.10035
46.250419,52,-0.109338
46.500364,52,-0.11788
46.750308,52,-0.126481
47.000248,52,-0.135692
47.250195,52,-0.14391
47.500142,52,-0.152165
47.750079,52,-0.161729
48.000017,52,-0.171166
48.249983,52,-0.17684
48.499878,52,-0.192237
48.749798,52,-0.204202
48.999706,52,-0.217867
49.249638,52,-0.228145
49.499549,52,-0.241366
49.749472,52,-0.252912
49.99939,52,-0.265119
50.249292,52,-0.279605
50.4992,52,-0.293213
50.749144,52,-0.301883
50.999056,52,-0.314879
51.248923,52,-0.334253
51.498869,52,-0.342578
51.748773,52,-0.356759
51.998626,52,-0.378084
52.248502,52,-0.396069
52.498394,52,-0.411923
52.748262,52,-0.431015
52.998143,52,-0.448441
53.248017,52,-0.466717
53.49789,52,-0.485228
53.747782,52,-0.50111
53.997678,52,-0.516312
54.247546,52,-0.535461
54.497942,52,-0.481647
54.747951,52,-0.481285
54.997989,52,-0.47688
55.248416,52,-0.418834
55.498379,52,-0.424782
55.74837,52,-0.426974
55.998454,52,-0.416248
56.248518,52,-0.408343
56.498422,52,-0.422549
56.748205,52,-0.453354
56.998289,52,-0.442759
57.248325,52,-0.438597
57.498341,52,-0.437326
57.748354,52,-0.436459
57.998419,52,-0.428296
58.24852,52,-0.41529
58.498518,52,-0.416491
58.748521,52,-0.416923
58.998524,52,-0.417482
59.248539,52,-0.416244
59.498561,52,-0.414146
59.748561,52,-0.415026
59.998621,52,-0.407599
60.248578,52,-0.414471
60.4985,52,-0.426229
60.748541,52,-0.421405
60.998539,52,-0.422561
61.248555,52,-0.421335
61.498537,52,-0.424679
61.74851,52,-0.42931
61.998505,52,-0.430845
62.248503,52,-0.432124
62.498486,52,-0.435309
62.748458,52,-0.440147
62.998437,52,-0.443967
63.249278,52,-0.328566
63.49954,52,-0.293196
63.749856,52,-0.250487
64.000291,52,-0.191255
64.25038,52,-0.179786
64.500592,52,-0.151343
64.750784,52,-0.125701
65.001062,52,-0.088271
65.251329,52,-0.052134
65.500772,52,-0.130164
65.750607,52,-0.153879
66.000453,52,-0.176074
66.249166,52,-0.354822
66.499222,52,-0.348085
66.749226,52,-0.348379
66.999192,52,-0.35402
67.249137,52,-0.362519
67.499122,52,-0.36552
67.74916,52,-0.36109
67.999115,52,-0.368309
68.249103,52,-0.37086
68.499105,52,-0.371445
68.749085,52,-0.375124
68.999055,52,-0.380201
69.249033,52,-0.384179
69.498984,52,-0.391827
69.748956,52,-0.396568
69.998908,52,-0.404137
70.248865,52,-0.410956
70.498829,52,-0.416812
70.748792,52,-0.422896
70.998735,52,-0.431603
71.248692,52,-0.438536
71.498634,52,-0.447494
71.748583,52,-0.455417
71.998535,52,-0.462893
72.248476,52,-0.472009
72.498419,52,-0.480711
72.748373,52,-0.488024
72.998309,52,-0.497842
73.248256,52,-0.506078
73.498205,52,-0.514023
73.748145,52,-0.523118
73.998102,52,-0.529957
74.248036,52,-0.540096
74.497993,52,-0.546954
74.747922,52,-0.557633
74.99788,52,-0.564371
75.247834,52,-0.571541
75.497789,52,-0.578768
75.747754,52,-0.584452
75.997704,52,-0.592318
76.247652,52,-0.600417
76.497611,52,-0.606905
76.74757,52,-0.613589
76.997537,52,-0.618988
77.247516,52,-0.622866
77.497498,52,-0.62625
77.747472,52,-0.630656
77.997462,52,-0.633005
78.24744,52,-0.636994
78.497395,52,-0.643999
78.7474,52,-0.6442
78.997358,52,-0.65098
79.247347,52,-0.653415
79.497345,52,-0.654572
79.747332,52,-0.657308
79.997332,52,-0.658214
80.247321,52,-0.660566
80.497327,52,-0.660689
80.747315,52,-0.663211
80.997303,52,-0.665874
81.247306,52,-0.666346
81.497296,52,-0.668652
81.74731,52,-0.66761
81.997314,52,-0.667908
82.247327,52,-0.666998
82.497331,52,-0.667358
82.747329,52,-0.668525
82.997346,52,-0.667048
83.247353,52,-0.666976
83.497359,52,-0.667089
83.747358,52,-0.668101
83.997387,52,-0.665004
84.247451,52,-0.657099
84.497485,52,-0.653317
84.747608,52,-0.637261
84.997669,52,-0.629654
85.247791,52,-0.613763
85.498015,52,-0.583668
85.748743,52,-0.48388
85.999004,52,-0.448673
86.249317,52,-0.406367
86.499615,52,-0.366053
86.749863,52,-0.33265
87.00012,52,-0.298065
87.250396,52,-0.260808
87.500189,52,-0.290281
87.750027,52,-0.313562
87.999848,52,-0.339301
88.249747,52,-0.354119
88.499085,52,-0.446495
88.749016,52,-0.456937
88.99893,52,-0.469801
89.248822,52,-0.485625
89.498732,52,-0.498915
89.74865,52,-0.511277
89.99857,52,-0.523198
90.248499,52,-0.533951
90.498384,52,-0.550703
90.748307,52,-0.562225
90.998236,52,-0.572964
91.248166,52,-0.583617
91.498106,52,-0.592788
91.748017,52,-0.605952
91.997988,52,-0.610902
92.247882,52,-0.626475
92.49787,52,-0.629028
92.747695,52,-0.65404
92.997632,52,-0.663674
93.247561,52,-0.674411
93.497515,52,-0.68175
93.747642,52,-0.665073
93.997542,52,-0.679733
94.247537,52,-0.681324
94.497526,52,-0.683792
94.747528,52,-0.684397
94.997527,52,-0.685467
95.247509,52,-0.68889
95.497502,52,-0.690721
95.747491,52,-0.693149
95.997491,52,-0.694109
96.247486,52,-0.695692
96.49748,52,-0.697323
96.747485,52,-0.69763
96.99748,52,-0.699259
97.247474,52,-0.700889
97.497433,52,-0.707517
97.747416,52,-0.710758
97.997398,52,-0.714205
98.247406,52,-0.713979
98.497382,52,-0.718176
98.747357,52,-0.722576
98.997362,52,-0.722793
99.247281,52,-0.734789
99.497253,52,-0.739623
99.747171,52,-0.751896
99.997142,52,-0.756786
100.247085,52,-0.765611
100.497039,52,-0.772814
100.746983,52,-0.781514
100.996951,52,-0.786743
101.246907,52,-0.793857
101.49686,52,-0.801217
101.746809,52,-0.809111
101.996766,52,-0.815982
102.2467,52,-0.826017
102.496654,52,-0.833333
102.746597,52,-0.842015
102.996552,52,-0.84917
103.246518,52,-0.854863
103.496471,52,-0.862232
103.746426,52,-0.869402
103.996425,52,-0.870356
104.246365,52,-0.879615
104.496356,52,-0.88176
104.746283,52,-0.89273
104.996343,52,-0.885379
105.24648,52,-0.867255
105.496495,52,-0.866087
105.746525,52,-0.862947
105.99653,52,-0.863033
106.246514,52,-0.866183
106.496514,52,-0.86716
106.746553,52,-0.862627
106.996551,52,-0.863858
107.246583,52,-0.860228
107.496623,52,-0.85561
107.746648,52,-0.853155
107.996637,52,-0.855494
108.246616,52,-0.859288
108.49672,52,-0.845809
108.746575,52,-0.866827
108.996763,52,-0.841793
109.246997,52,-0.810233
109.497198,52,-0.783342
109.747369,52,-0.760614
109.997558,52,-0.735372
110.247693,52,-0.717642
110.498062,52,-0.667611
110.748357,52,-0.627682
110.998596,52,-0.595575
111.2488,52,-0.56817
111.499008,52,-0.540392
111.749282,52,-0.503397
111.999491,52,-0.475363
112.249745,52,-0.441228
112.499857,52,-0.426575
112.74966,52,-0.454788
112.999482,52,-0.480199
113.249361,52,-0.497824
113.499175,52,-0.524454
113.748971,52,-0.553681
113.998797,52,-0.578644
114.248656,52,-0.598963
114.498453,52,-0.627975
114.748324,52,-0.64674
114.998067,52,-0.683133
115.247835,52,-0.716112
115.49784,52,-0.716365
115.747766,52,-0.727477
115.997562,52,-0.756581
116.24742,52,-0.777161
116.49732,52,-0.791807
116.747234,52,-0.804571
116.997135,52,-0.819187
117.247066,52,-0.829706
117.496949,52,-0.846776
117.746834,52,-0.863567
117.996762,52,-0.874349
118.246697,52,-0.884343
118.496601,52,-0.898426
118.746494,52,-0.914129
118.996454,52,-0.920672
119.246422,52,-0.925961
119.496384,52,-0.932109
119.746365,52,-0.935645
119.996337,52,-0.940346
120.246304,52,-0.945827
120.496284,52,-0.949543
120.746237,52,-0.95688
120.996223,52,-0.959734
121.246205,52,-0.963169
121.496181,52,-0.967383
121.746162,52,-0.970902
121.996145,52,-0.97423
122.246126,52,-0.977679
122.496109,52,-0.980971
122.746098,52,-0.983421
122.996087,52,-0.985818
123.246074,52,-0.98855
123.496062,52,-0.991025
123.746051,52,-0.993509
123.996039,52,-0.996021
124.246028,52,-0.998435
124.496014,52,-1.001397
124.745995,52,-1.004833
124.995977,52,-1.008268
125.24596,52,-1.011497
125.495964,52,-1.011911
125.745944,52,-1.01551
125.995925,52,-1.01905
126.24592,52,-1.020727
126.495896,52,-1.024954
126.745902,52,-1.025026
126.995896,52,-1.026704
127.245894,52,-1.027827
127.495887,52,-1.029816
127.745871,52,-1.032811
127.995865,52,-1.034661
128.245856,52,-1.036745
128.495853,52,-1.038078
128.745864,52,-1.037497
128.99587,52,-1.037548
129.245889,52,-1.035769
129.49594,52,-1.029651
129.745955,52,-1.02854
129.995978,52,-1.026155
130.246016,52,-1.021869
130.495987,52,-1.026726
130.746034,52,-1.021116
130.996122,52,-1.009877
131.246218,52,-0.997547
131.496356,52,-0.979357
131.74645,52,-0.967341
131.996532,52,-0.956853
132.246654,52,-0.94081
132.496703,52,-0.934945
132.746788,52,-0.924138
132.996886,52,-0.911566
133.246977,52,-0.89978
133.497068,52,-0.888148
133.747155,52,-0.87701
133.997256,52,-0.86395
134.247361,52,-0.850324
134.49746,52,-0.837601
134.747542,52,-0.827121
134.997631,52,-0.81571
135.247724,52,-0.803772
135.497804,52,-0.793639
135.74788,52,-0.783983
135.997957,52,-0.774218
136.24805,52,-0.762368
136.498113,52,-0.754544
136.748182,52,-0.745937
136.99803,52,-0.767793
137.24791,52,-0.785283
137.497753,52,-0.807912
137.747603,52,-0.829523
137.997438,52,-0.85329
138.247279,52,-0.8761
138.497182,52,-0.890429
138.747126,52,-0.899114
138.996835,52,-0.940223
139.24671,52,-0.95849
139.496553,52,-0.981067
139.746369,52,-1.007395
139.996341,52,-1.012117
140.246313,52,-1.016906
140.496276,52,-1.022996
140.746247,52,-1.02793
140.99622,52,-1.032514
141.246184,52,-1.038435
141.496147,52,-1.044409
141.74611,52,-1.050477
141.996066,52,-1.057436
142.24602,52,-1.064664
142.495993,52,-1.069267
142.745954,52,-1.075651
142.995919,52,-1.081375
143.245902,52,-1.084685
143.495866,52,-1.090538
143.745838,52,-1.095263
143.995811,52,-1.099916
144.245773,52,-1.106047
144.495741,52,-1.111385
144.745725,52,-1.114586
144.995683,52,-1.121277
145.24567,52,-1.123978
145.495645,52,-1.128316
145.745611,52,-1.133929
145.995607,52,-1.135344
146.245583,52,-1.139525
146.495562,52,-1.14335
146.745545,52,-1.14659
146.99553,52,-1.149559
147.245509,52,-1.153419
147.495497,52,-1.155953
147.745487,52,-1.158223
147.995473,52,-1.161065
148.245466,52,-1.162991
148.495465,52,-1.164008
148.745453,52,-1.166663
148.99545,52,-1.16797
149.245446,52,-1.169327
149.495459,52,-1.168457
149.745437,52,-1.172441
149.995454,52,-1.170959
150.24542,52,-1.176599
150.495427,52,-1.176575
150.745444,52,-1.175066
150.995448,52,-1.175402
151.245468,52,-1.173636
151.495459,52,-1.175713
151.745469,52,-1.175275
151.995486,52,-1.173737
152.245529,52,-1.168806
152.495532,52,-1.169308
152.745566,52,-1.165488
152.995585,52,-1.1637
153.245614,52,-1.160569
153.495641,52,-1.157849
153.74567,52,-1.154689
153.995708,52,-1.150323
154.245767,52,-1.143046
154.495796,52,-1.140015
154.745831,52,-1.135983
154.995909,52,-1.12618
155.245918,52,-1.125844
155.496028,52,-1.111462
155.746,52,-1.116351
155.996077,52,-1.106511
156.246163,52,-1.095494
156.496224,52,-1.088042
156.746306,52,-1.077552
156.996365,52,-1.070366
157.246442,52,-1.060641
157.496507,52,-1.05253
157.746572,52,-1.044432
157.996636,52,-1.036486
158.246711,52,-1.026974
158.496776,52,-1.018868
158.746849,52,-1.009743
158.996926,52,-0.999931
159.247003,52,-0.990198
159.497069,52,-0.982039
159.747138,52,-0.973461
159.997192,52,-0.966803
160.247255,52,-0.959084
160.497307,52,-0.952796
160.747394,52,-0.9416
160.997435,52,-0.93687
161.247516,52,-0.92654
161.49754,52,-0.924103
161.747564,52,-0.92173
161.99755,52,-0.924599
162.247429,52,-0.942137
162.497461,52,-0.938645
162.747262,52,-0.967045
162.997018,52,-1.001704
163.246863,52,-1.024068
163.496633,52,-1.056722
163.746417,52,-1.08754
163.996191,52,-1.119659
164.24593,52,-1.156636
164.495736,52,-1.184495
164.745469,52,-1.222233
164.995269,52,-1.250849
165.245048,52,-1.2823
165.494854,52,-1.30994
165.744684,52,-1.334418
165.994423,52,-1.371447
166.244191,52,-1.40441
166.494048,52,-1.425044
166.743857,52,-1.452432
166.993845,52,-1.45493
167.24383,52,-1.457962
167.49381,52,-1.461635
167.743798,52,-1.4642
167.993729,52,-1.474623
168.24373,52,-1.475341
168.493779,52,-1.469535
168.74377,52,-1.47161
168.993769,52,-1.472651
169.243745,52,-1.476943
169.493765,52,-1.475014
169.743753,52,-1.477637
169.993759,52,-1.477733
170.243763,52,-1.478009
170.493768,52,-1.478167
170.743774,52,-1.478238
170.99378,52,-1.478324
171.243795,52,-1.477248
171.493801,52,-1.477333
171.743943,52,-1.458547
171.994071,52,-1.441716
172.244247,52,-1.418348
172.494303,52,-1.411425
172.744515,52,-1.383114
172.994604,52,-1.37173
173.244729,52,-1.35526
173.494967,52,-1.323301
173.745039,52,-1.314246
173.995151,52,-1.299652
174.245218,52,-1.291348
174.495341,52,-1.275213
174.745493,52,-1.255047
174.995644,52,-1.235051
175.245793,52,-1.215466
175.495911,52,-1.200063
175.746154,52,-1.16726
175.996177,52,-1.165065
176.246205,52,-1.162029
176.49622,52,-1.160902
176.74624,52,-1.159075
176.996242,52,-1.15966
177.246247,52,-1.159817
177.496242,52,-1.161488
177.746251,52,-1.161186
177.996247,52,-1.162564
178.246255,52,-1.16239
178.496231,52,-1.166671
178.746241,52,-1.166122
178.996243,52,-1.166754
179.24624,52,-1.168064
179.496238,52,-1.169273
179.746218,52,-1.172986
179.996206,52,-1.175519
180.246189,52,-1.178707
180.496155,52,-1.184313
180.74612,52,-1.190161
180.995939,52,-1.216004
181.245781,52,-1.238806
181.49558,52,-1.267512
181.745392,52,-1.2944
181.99522,52,-1.319087
182.245028,52,-1.346448
182.49485,52,-1.372035
182.744669,52,-1.398015
182.994517,52,-1.419847
183.244337,52,-1.445704
183.49416,52,-1.471109
183.743974,52,-1.497608
183.993813,52,-1.520768
184.243632,52,-1.546693
184.493473,52,-1.569594
184.743394,52,-1.581479
184.993358,52,-1.587392
185.243326,52,-1.592667
185.493321,52,-1.594306
185.743332,52,-1.593707
185.993328,52,-1.595111
186.243371,52,-1.590125
186.493349,52,-1.594072
186.743336,52,-1.596764
186.993359,52,-1.594445
187.243383,52,-1.592101
187.493348,52,-1.597828
187.743349,52,-1.598534
187.993423,52,-1.589269
188.243372,52,-1.597183
188.4934,52,-1.594188
188.743455,52,-1.587555
188.993584,52,-1.570562
189.243599,52,-1.569446
189.493651,52,-1.563094
189.74377,52,-1.547623
189.993871,52,-1.534564
190.243985,52,-1.519592
190.494079,52,-1.507533
190.744195,52,-1.492356
190.994298,52,-1.479049
191.244366,52,-1.470592
191.494501,52,-1.45284
191.744581,52,-1.442658
191.994705,52,-1.426371
192.244861,52,-1.405698
192.494924,52,-1.3979
192.744997,52,-1.388829
192.995089,52,-1.376898
193.24518,52,-1.365293
193.495222,52,-1.360393
193.745262,52,-1.355776
193.995286,52,-1.353262
194.245317,52,-1.349909
194.495446,52,-1.332966
194.745402,52,-1.339964
194.995314,52,-1.353072
195.245311,52,-1.354421
195.495319,52,-1.354153
195.745328,52,-1.353805
195.99533,52,-1.354407
196.245314,52,-1.357525
196.495278,52,-1.36353
196.745248,52,-1.368576
196.995192,52,-1.377223
197.245273,52,-1.366874
197.495246,52,-1.371535
197.74517,52,-1.382927
197.995059,52,-1.399206
198.244937,52,-1.416905
198.494872,52,-1.426788
198.744755,52,-1.443878
198.994701,52,-1.452271
199.244611,52,-1.46562
199.494514,52,-1.47995
199.74443,52,-1.492435
199.994272,52,-1.515203
200.244183,52,-1.528461
200.494097,52,-1.54124
200.743976,52,-1.558911
200.993827,52,-1.580384
201.243461,52,-1.631926
201.493435,52,-1.63636
201.743484,52,-1.630541
201.993347,52,-1.650322
202.243276,52,-1.661045
202.493297,52,-1.659041
202.743283,52,-1.661937
202.993201,52,-1.674163
203.24321,52,-1.673796
203.493171,52,-1.680098
203.743178,52,-1.68008
203.993154,52,-1.684237
204.243207,52,-1.677787
204.493234,52,-1.675041
204.743253,52,-1.673337
204.993263,52,-1.672797
205.24336,52,-1.660282
205.493374,52,-1.659304
205.743459,52,-1.648409
205.993502,52,-1.643376
206.243588,52,-1.632396
206.493678,52,-1.620871
206.743798,52,-1.605238
206.993928,52,-1.588039
207.243983,52,-1.581429
207.494101,52,-1.566053
207.744212,52,-1.55148
207.994227,52,-1.550386
208.244349,52,-1.534471
208.494354,52,-1.534669
208.744423,52,-1.52593
208.994452,52,-1.522816
209.244506,52,-1.516355
209.494561,52,-1.509576
209.744573,52,-1.508911
209.994631,52,-1.501815
210.244692,52,-1.494254
210.49472,52,-1.491247
210.744705,52,-1.494282
210.994781,52,-1.48468
211.244736,52,-1.491781
211.494782,52,-1.486257
211.744795,52,-1.485383
211.994809,52,-1.48436
212.244825,52,-1.483023
212.494842,52,-1.481558
212.744853,52,-1.481042
212.994869,52,-1.479671
213.244867,52,-1.480927
213.494869,52,-1.481457
213.744875,52,-1.481598
213.994939,52,-1.473557
214.245094,52,-1.453078
214.495248,52,-1.432733
214.745395,52,-1.413258
214.995581,52,-1.388406
215.245738,52,-1.367645
215.49586,52,-1.351664
215.746014,52,-1.331383
215.996199,52,-1.30667
216.246318,52,-1.291155
216.496453,52,-1.273377
216.746614,52,-1.251986
216.996813,52,-1.225373
217.246795,52,-1.228719
217.49658,52,-1.259437
217.746346,52,-1.292591
217.996182,52,-1.31626
218.245963,52,-1.347469
218.495769,52,-1.37512
218.745559,52,-1.405098
218.995316,52,-1.439594
219.245128,52,-1.46648
219.494932,52,-1.494441
219.744712,52,-1.525834
219.994542,52,-1.550188
220.244351,52,-1.577519
220.494284,52,-1.587719
220.744225,52,-1.596737
220.994122,52,-1.611954
221.244087,52,-1.617635
221.494044,52,-1.624556
221.743996,52,-1.632061
221.993948,52,-1.639635
222.243903,52,-1.646674
222.493846,52,-1.655481
222.743804,52,-1.662218
222.993763,52,-1.6688
223.243761,52,-1.669905
223.493723,52,-1.676077
223.743678,52,-1.683185
223.993668,52,-1.685537
224.243603,52,-1.695351
224.493589,52,-1.698287
224.743497,52,-1.711875
224.993488,52,-1.713973
225.243397,52,-1.727515
225.493612,52,-1.698699
225.743614,52,-1.699366
225.993475,52,-1.719505
226.243473,52,-1.720631
226.49329,52,-1.746891
226.743219,52,-1.757577
226.99324,52,-1.755553
227.243146,52,-1.769403
227.493106,52,-1.77583
227.743077,52,-1.780744
227.992899,52,-1.806299
228.242871,52,-1.811037
228.492888,52,-1.809581
228.742867,52,-1.813403
228.99291,52,-1.808392
229.242918,52,-1.808259
229.492965,52,-1.80267
229.743002,52,-1.79834
229.993111,52,-1.784288
230.243163,52,-1.777945
230.493216,52,-1.771568
230.74325,52,-1.767734
230.993303,52,-1.761237
231.243326,52,-1.759004
231.493399,52,-1.74984
231.743445,52,-1.744333
231.993507,52,-1.736691
232.243564,52,-1.729704
232.493626,52,-1.722022
232.743696,52,-1.71329
232.993745,52,-1.707455
233.243815,52,-1.698601
233.493885,52,-1.689827
233.743924,52,-1.685405
233.993952,52,-1.68239
234.244014,52,-1.674691
234.494077,52,-1.666923
234.7441,52,-1.664602
234.994126,52,-1.661906
235.244206,52,-1.651827
235.494192,52,-1.654645
235.744267,52,-1.645151
235.994265,52,-1.646323
236.244319,52,-1.639836
236.494365,52,-1.634347
236.744379,52,-1.633317
236.994444,52,-1.625297
237.244439,52,-1.626833
237.494466,52,-1.624043
237.744442,52,-1.628162
237.994482,52,-1.623615
238.244336,52,-1.644709
238.494184,52,-1.666625
238.744025,52,-1.689443
238.993899,52,-1.707776
239.243771,52,-1.726476
239.493578,52,-1.754006
239.743454,52,-1.772109
239.993329,52,-1.790248
240.243172,52,-1.812928
240.493045,52,-1.831303
240.742887,52,-1.854068
240.992729,52,-1.876888
241.242594,52,-1.896455
241.492436,52,-1.9191
241.742266,52,-1.943535
241.992218,52,-1.951078
242.242171,52,-1.958552
242.492153,52,-1.961901
242.742132,52,-1.965759
242.99212,52,-1.968223
243.242108,52,-1.970878
243.492102,52,-1.972561
243.742106,52,-1.972882
243.992091,52,-1.975927
244.242098,52,-1.975886
244.492107,52,-1.97542
244.742109,52,-1.976114
244.992129,52,-1.974236
245.242133,52,-1.974674
245.492138,52,-1.974825
245.742151,52,-1.973909
245.992152,52,-1.974688
246.242158,52,-1.97477
246.492153,52,-1.976326
246.742194,52,-1.971641
246.992195,52,-1.97242
247.242226,52,-1.96892
247.492218,52,-1.970994
247.742251,52,-1.967311
247.992235,52,-1.97044
248.242227,52,-1.972438
248.492231,52,-1.972822
248.742245,52,-1.971835
248.992235,52,-1.974027
249.242234,52,-1.975173
249.492248,52,-1.974071
249.742212,52,-1.979969
249.992237,52,-1.977435
250.242203,52,-1.983018
250.492176,52,-1.987585
250.742147,52,-1.992599
250.992121,52,-1.997013
251.242096,52,-2.001481
251.49202,52,-2.01279
251.742063,52,-2.007825
251.992037,52,-2.012293
252.242188,52,-1.992383
252.49232,52,-1.975003
252.742462,52,-1.956178
252.992589,52,-1.93952
253.242715,52,-1.923025
253.492841,52,-1.906594
253.742975,52,-1.888953
253.993083,52,-1.874952
254.243198,52,-1.859954
254.493355,52,-1.839114
254.74344,52,-1.828277
254.993592,52,-1.808118
255.243741,52,-1.788464
255.493862,52,-1.772659
255.743981,52,-1.757075
255.994097,52,-1.741961
256.244174,52,-1.73223
256.494259,52,-1.721391
256.744218,52,-1.727884
256.994187,52,-1.733044
257.244168,52,-1.736655
257.49415,52,-1.740079
257.744142,52,-1.742033
257.994136,52,-1.743808
258.244135,52,-1.744824
258.494112,52,-1.748943
258.744098,52,-1.751783
258.994107,52,-1.751444
259.24408,52,-1.755961
259.494095,52,-1.754869
259.744077,52,-1.758198
259.994086,52,-1.757931
260.244047,52,-1.764251
260.494051,52,-1.764618
260.744025,52,-1.769087
260.994022,52,-1.770333
261.244025,52,-1.770814
261.494021,52,-1.772388
261.744025,52,-1.772735
261.993985,52,-1.779171
262.243988,52,-1.779585
262.493954,52,-1.785235
262.743954,52,-1.786162
262.993923,52,-1.791333
263.243911,52,-1.793913
263.493839,52,-1.804675
263.743797,52,-1.811488
263.99372,52,-1.823006
264.243582,52,-1.842936
264.493509,52,-1.85393
264.743434,52,-1.865262
264.99334,52,-1.879154
265.243154,52,-1.905769
265.493057,52,-1.920085
265.742981,52,-1.931475
265.992875,52,-1.947047
266.24278,52,-1.961081
266.49269,52,-1.974436
266.742582,52,-1.990219
266.992473,52,-2.006315
267.242361,52,-2.022598
267.492281,52,-2.034553
267.742165,52,-2.051553
267.992091,52,-2.062651
268.24195,52,-2.083113
268.491857,52,-2.096861
268.741767,52,-2.110152
268.991855,52,-2.098976
269.241692,52,-2.122322
269.491887,52,-2.096276
269.741811,52,-2.107672
269.991889,52,-2.097788
270.241812,52,-2.109359
270.491838,52,-2.106668
270.741795,52,-2.113539
270.991801,52,-2.113634
271.241765,52,-2.11952
271.491741,52,-2.123752
271.741722,52,-2.12721
271.991703,52,-2.13081
272.241656,52,-2.13815
272.491638,52,-2.141524
272.741582,52,-2.150222
272.991573,52,-2.152367
273.241542,52,-2.157563
273.491509,52,-2.163031
273.741467,52,-2.169792
273.991467,52,-2.170631
274.241378,52,-2.183883
274.491352,52,-2.188409
274.741225,52,-2.206807
274.99124,52,-2.205716
275.241198,52,-2.212419
275.491157,52,-2.218944
275.74116,52,-2.219443
275.991303,52,-2.200565
276.241472,52,-2.17813
276.491469,52,-2.179468
276.741495,52,-2.176703
276.991561,52,-2.168453
277.241567,52,-2.168522
277.49158,52,-2.167637
277.741596,52,-2.166374
277.991618,52,-2.164229
278.241648,52,-2.160942
278.491651,52,-2.161469
278.741647,52,-2.162974
278.991718,52,-2.15403
279.241721,52,-2.154556
279.491732,52,-2.153875
279.741755,52,-2.151618
279.991765,52,-2.151177
280.241748,52,-2.154452
280.491787,52,-2.149963
280.741826,52,-2.145404
280.991856,52,-2.142162
281.241875,52,-2.1404
281.491876,52,-2.141172
281.741901,52,-2.138629
281.991818,52,-2.151039
282.242039,52,-2.121365
282.492225,52,-2.096583
282.742468,52,-2.063899
282.992664,52,-2.037644
283.242895,52,-2.006645
283.493088,52,-1.980916
283.743322,52,-1.949365
283.993503,52,-1.925291
284.243684,52,-1.901157
284.493946,52,-1.865826
284.744125,52,-1.841954
284.994319,52,-1.816052
285.244527,52,-1.788218
285.494707,52,-1.764243
285.744832,52,-1.747881
285.995016,52,-1.723361
286.24517,52,-1.702901
286.495316,52,-1.683606
286.745417,52,-1.670617
286.995578,52,-1.649308
287.245662,52,-1.638561
287.495772,52,-1.624247
287.745846,52,-1.614903
287.995948,52,-1.601655
288.24604,52,-1.589948
288.496087,52,-1.584285
288.74611,52,-1.582024
288.996174,52,-1.574107
289.246048,52,-1.592352
289.495996,52,-1.600527
289.746027,52,-1.597088
289.995849,52,-1.622655
290.246007,52,-1.601717
290.496016,52,-1.601318
290.745966,52,-1.609153
290.995788,52,-1.634708
291.24557,52,-1.665767
291.495434,52,-1.685385
291.745241,52,-1.713008
291.995039,52,-1.741813
292.244855,52,-1.768209
292.49467,52,-1.794697
292.744492,52,-1.820224
292.994269,52,-1.852001
293.244084,52,-1.878355
293.493929,52,-1.900733
293.74372,52,-1.93056
293.993545,52,-1.955633
294.243383,52,-1.978903
294.493271,52,-1.995415
294.742974,52,-2.037382
294.992852,52,-2.055141
295.242514,52,-2.102796
295.492446,52,-2.113088
295.742337,52,-2.129064
295.992265,52,-2.139932
296.242233,52,-2.145237
296.492191,52,-2.151899
296.74217,52,-2.155666
296.992118,52,-2.163804
297.242072,52,-2.171064
297.492037,52,-2.176798
297.741981,52,-2.185525
297.991947,52,-2.191038
298.241903,52,-2.198066
298.491863,52,-2.204494
298.741827,52,-2.210412
298.991786,52,-2.216939
299.241739,52,-2.224367
299.491656,52,-2.236724
299.741598,52,-2.245661
299.991537,52,-2.254999
300.241505,52,-2.260342
300.491459,52,-2.267631
300.741397,52,-2.276998
300.991344,52,-2.285252
301.241294,52,-2.293086
301.491236,52,-2.301979
301.741182,52,-2.310402
301.991116,52,-2.32039
302.241058,52,-2.329296
302.491004,52,-2.337721
302.740952,52,-2.3458
302.990917,52,-2.35153
303.240853,52,-2.361294
303.490848,52,-2.362891
303.74089,52,-2.357996
303.990936,52,-2.352542
304.240971,52,-2.348672
304.491019,52,-2.342957
304.741057,52,-2.338512
304.991101,52,-2.33332
305.241121,52,-2.331538
305.491151,52,-2.328298
305.741178,52,-2.325432
305.99122,52,-2.320518
306.241259,52,-2.316014
306.491322,52,-2.308223
306.741383,52,-2.300683
306.991433,52,-2.294703
307.241477,52,-2.289549
307.491526,52,-2.283586
307.741558,52,-2.280099
307.991583,52,-2.277609
308.24162,52,-2.273383
308.491754,52,-2.255745
308.741857,52,-2.242325
308.991924,52,-2.233973
309.242031,52,-2.220119
309.492121,52,-2.20855
309.742228,52,-2.194691
309.992304,52,-2.185088
310.24239,52,-2.174132
310.492496,52,-2.160418
310.74259,52,-2.14828
310.992707,52,-2.132999
311.242815,52,-2.118981
311.492907,52,-2.107137
311.742987,52,-2.097055
311.993094,52,-2.083075
312.243225,52,-2.065945
312.493266,52,-2.06116
312.743359,52,-2.049144
312.993353,52,-2.050901
313.243265,52,-2.064053
313.493139,52,-2.082285
313.742999,52,-2.102611
313.992854,52,-2.123503
314.242751,52,-2.138606
314.492623,52,-2.157251
314.742476,52,-2.178566
314.99241,52,-2.188534
315.242331,52,-2.200329
315.492138,52,-2.227986
315.742001,52,-2.247776
315.991931,52,-2.258369
316.241814,52,-2.275475
316.491735,52,-2.287276
316.741702,52,-2.292776
316.991691,52,-2.295233
317.241607,52,-2.307731
317.491581,52,-2.31222
317.741502,52,-2.324052
317.991441,52,-2.333307
318.241378,52,-2.343019
318.49133,52,-2.350461
318.741276,52,-2.358946
318.991221,52,-2.367382
319.241171,52,-2.37515
319.491114,52,-2.383932
319.74106,52,-2.392357
319.991006,52,-2.400711
320.241004,52,-2.401958
320.491017,52,-2.401058
320.741017,52,-2.40187
320.991078,52,-2.394448
321.241108,52,-2.391215
321.491104,52,-2.392639
321.741145,52,-2.387791
321.991149,52,-2.388245
322.241169,52,-2.386325
322.491224,52,-2.379578
322.741205,52,-2.383217
322.99118,52,-2.387467
323.241202,52,-2.385409
323.491206,52,-2.385699
323.741197,52,-2.38793
323.991203,52,-2.388023
324.241219,52,-2.386693
324.491247,52,-2.383717
324.741235,52,-2.386229
324.991271,52,-2.382219
325.241801,52,-2.309788
325.491935,52,-2.29219
325.74212,52,-2.2675
325.992288,52,-2.245236
326.242441,52,-2.224868
326.492613,52,-2.202034
326.742716,52,-2.188661
326.992883,52,-2.166552
327.243087,52,-2.139158
327.492936,52,-2.160994
327.742762,52,-2.185956
327.992574,52,-2.212931
328.242408,52,-2.236657
328.49224,52,-2.260793
328.742061,52,-2.286476
328.991891,52,-2.310957
329.241693,52,-2.339132
329.491505,52,-2.366113
329.74134,52,-2.389763
329.991155,52,-2.41628
330.240992,52,-2.439729
330.490814,52,-2.465325
330.74064,52,-2.490172
330.990445,52,-2.518059
331.240269,52,-2.543347
331.490075,52,-2.571093
331.739919,52,-2.593457
331.989744,52,-2.618693
332.239769,52,-2.616077
332.489731,52,-2.622176
332.739737,52,-2.622307
332.989771,52,-2.618473
333.2398,52,-2.615381
333.489804,52,-2.615799
333.739868,52,-2.607799
333.98991,52,-2.602911
334.239937,52,-2.600125
334.48994,52,-2.60053
334.739946,52,-2.600647
334.98995,52,-2.601046
335.239949,52,-2.601997
335.489959,52,-2.601553
335.739969,52,-2.601104
335.989982,52,-2.60021
336.239991,52,-2.5999
336.489988,52,-2.60123
336.739997,52,-2.600791
336.990011,52,-2.599805
337.239995,52,-2.602849
337.490001,52,-2.602937
337.740005,52,-2.603322
337.99,52,-2.60498
338.239993,52,-2.606821
338.489996,52,-2.607235
338.739966,52,-2.612384
338.989981,52,-2.611208
339.239946,52,-2.616935
339.489937,52,-2.619018
339.739895,52,-2.625774
339.989882,52,-2.628411
340.239849,52,-2.633902
340.489833,52,-2.637039
340.739832,52,-2.638125
340.989814,52,-2.641492
341.239789,52,-2.645818
341.489806,52,-2.644369
341.739784,52,-2.64833
341.989748,52,-2.654168
342.239737,52,-2.656705
342.489739,52,-2.657298
342.739747,52,-2.657131
342.989714,52,-2.662595
343.239716,52,-2.663114
343.489694,52,-2.667081
343.739739,52,-2.661795
343.989698,52,-2.668408
344.239694,52,-2.669795
344.489755,52,-2.662251
344.739721,52,-2.667907
344.989801,52,-2.65774
345.239745,52,-2.666376
345.489837,52,-2.654527
345.739894,52,-2.647677
345.989966,52,-2.638533
346.240052,52,-2.627602
346.490133,52,-2.617259
346.740251,52,-2.601817
346.990339,52,-2.590638
347.240418,52,-2.580574
347.490529,52,-2.566205
347.740627,52,-2.553472
347.99072,52,-2.541559
348.240793,52,-2.532413
348.490848,52,-2.525668
348.740954,52,-2.511937
348.991027,52,-2.502682
349.24109,52,-2.494945
349.491196,52,-2.481209
349.741266,52,-2.472352
349.991328,52,-2.464756
350.241407,52,-2.454749
350.491456,52,-2.448818
350.741536,52,-2.438639
350.991595,52,-2.431361
351.241655,52,-2.423958
351.491714,52,-2.416822
351.741795,52,-2.406511
351.991822,52,-2.40359
352.241857,52,-2.399712
352.491724,52,-2.419024
352.741655,52,-2.429483
352.991494,52,-2.452565
353.24142,52,-2.463777
353.491252,52,-2.487851
353.74112,52,-2.507078
353.990973,52,-2.52825
354.240845,52,-2.546808
354.490713,52,-2.565973
354.740559,52,-2.588179
354.990441,52,-2.605409
355.240317,52,-2.623421
355.490182,52,-2.643081
355.740041,52,-2.663454
355.989917,52,-2.681538
356.239882,52,-2.687287
356.489715,52,-2.711235
356.739565,52,-2.732881
356.98962,52,-2.726184
357.239405,52,-2.756785
357.489444,52,-2.75232
357.73936,52,-2.764869
357.989334,52,-2.769353
358.239282,52,-2.777449
358.489245,52,-2.783461
358.739217,52,-2.788201
358.989268,52,-2.782128
359.239186,52,-2.794267
359.48923,52,-2.789159
359.739218,52,-2.791635
359.98916,52,-2.800625
360.239116,52,-2.807664
360.489136,52,-2.805761
360.739144,52,-2.805532
360.98917,52,-2.802928
361.239236,52,-2.794579
361.489233,52,-2.795989
361.739242,52,-2.795585
361.989258,52,-2.794291
362.239269,52,-2.793733
362.489294,52,-2.791126
362.739315,52,-2.789193
362.989324,52,-2.788845
363.239364,52,-2.784181
363.489414,52,-2.778184
363.739438,52,-2.775757
363.989448,52,-2.77533
364.239503,52,-2.768606
364.489548,52,-2.763199
364.740284,52,-2.662438
364.990529,52,-2.62948
365.240681,52,-2.609306
365.490875,52,-2.583341
365.741107,52,-2.552219
365.991328,52,-2.522612
366.241524,52,-2.496364
366.741926,52,-2.442641
366.99218,52,-2.40836
367.242075,52,-2.423859
367.491954,52,-2.441384
367.741837,52,-2.458463
367.991712,52,-2.47671
368.241586,52,-2.494968
368.491459,52,-2.513511
368.74135,52,-2.529402
368.991221,52,-2.548213
369.241132,52,-2.56145
369.49107,52,-2.570886
369.740914,52,-2.593308
369.990965,52,-2.58715
370.240717,52,-2.622476
370.490556,52,-2.645589
370.740449,52,-2.661231
370.990384,52,-2.67115
371.240263,52,-2.688796
371.4902,52,-2.698386
371.740116,52,-2.710953
371.990016,52,-2.725644
372.239923,52,-2.739453
372.489972,52,-2.733608
372.739874,52,-2.748074
372.989843,52,-2.753252
373.239816,52,-2.757881
373.489813,52,-2.759149
373.739795,52,-2.762576
373.989818,52,-2.760228
374.239809,52,-2.762399
374.489793,52,-2.765578
374.739799,52,-2.765599
374.989791,52,-2.767639
375.239789,52,-2.768773
375.489791,52,-2.769463
375.739804,52,-2.7685
375.989799,52,-2.770098
376.239798,52,-2.771216
376.489764,52,-2.776736
376.739759,52,-2.778421
376.989766,52,-2.778343
377.239765,52,-2.7793
377.489779,52,-2.778311
377.73978,52,-2.779077
377.989787,52,-2.779086
378.239779,52,-2.781046
378.489847,52,-2.772581
378.739935,52,-2.761321
378.989815,52,-2.77874
379.23985,52,-2.774899
379.489837,52,-2.777549
379.739832,52,-2.779063
379.989896,52,-2.771146
380.239918,52,-2.769042
380.489861,52,-2.777886
380.739903,52,-2.77288
380.989893,52,-2.775196
381.240121,52,-2.74456
381.490441,52,-2.701195
381.740567,52,-2.684739
381.990716,52,-2.66499
382.240883,52,-2.642882
382.491005,52,-2.626914
382.74128,52,-2.589836
382.991346,52,-2.581519
383.241486,52,-2.563161
383.491616,52,-2.546081
383.741884,52,-2.509873
383.992133,52,-2.476363
384.242185,52,-2.470011
384.492533,52,-2.422799
384.742592,52,-2.41564
384.992455,52,-2.435418
385.242359,52,-2.44956
385.492241,52,-2.466842
385.74235,52,-2.45272
385.992252,52,-2.467114
386.2419,52,-2.516692
386.492011,52,-2.502272
386.741861,52,-2.523899
386.991716,52,-2.544874
387.241667,52,-2.552553
387.491367,52,-2.594932
387.741202,52,-2.618657
387.991013,52,-2.645626
388.240859,52,-2.667867
388.490747,52,-2.684251
388.740483,52,-2.721678
388.9904,52,-2.734073
389.240151,52,-2.769308
389.490031,52,-2.786842
389.740067,52,-2.782801
389.989987,52,-2.794761
390.239968,52,-2.798346
390.489966,52,-2.799451
390.739851,52,-2.816322
390.989902,52,-2.8101
391.239969,52,-2.801728
391.489743,52,-2.833993
391.739703,52,-2.840335
391.989678,52,-2.844656
392.239662,52,-2.847883
392.489531,52,-2.866821
392.739414,52,-2.883938
392.989405,52,-2.886073
393.239421,52,-2.884824
393.489292,52,-2.903503
393.739248,52,-2.910522
393.989199,52,-2.918164
394.239165,52,-2.92375
394.489074,52,-2.937217
394.738939,52,-2.956841
394.988808,52,-2.975922
395.23876,52,-2.983372
395.488684,52,-2.994774
395.73858,52,-3.010159
395.988635,52,-3.003348
396.23863,52,-3.004954
396.488634,52,-3.005326
396.738673,52,-3.000846
396.988771,52,-2.988257
397.238656,52,-3.005014
397.488808,52,-2.984968
397.738766,52,-2.991581
397.988828,52,-2.983981
398.23889,52,-2.976335
398.488535,52,-3.026201
398.738673,52,-3.008113
398.988524,52,-3.0296
399.238711,52,-3.004692
399.488865,52,-2.984298
399.738968,52,-2.970866
399.988861,52,-2.98656
400.238931,52,-2.977847
400.488841,52,-2.991187
400.738974,52,-2.973739
400.989014,52,-2.969116
401.238999,52,-2.972114
401.489026,52,-2.969273
401.739106,52,-2.959008
401.989155,52,-2.953143
402.239183,52,-2.950257
402.489226,52,-2.945142
402.73925,52,-2.94277
402.989328,52,-2.932944
403.239359,52,-2.929497
403.489501,52,-2.910724
403.7395,52,-2.911859
403.989595,52,-2.899619
404.239709,52,-2.884788
404.489879,52,-2.862128
404.739909,52,-2.858861
404.989933,52,-2.856514
405.240024,52,-2.844837
405.490111,52,-2.833732
405.740215,52,-2.820254
405.990297,52,-2.809741
406.240189,52,-2.825638
406.490273,52,-2.814835
406.740491,52,-2.785698
406.990307,52,-2.811943
407.240153,52,-2.834143
407.48993,52,-2.865912
407.739795,52,-2.885462
407.989537,52,-2.922032
408.239348,52,-2.949172
408.48931,52,-2.955226
408.739072,52,-2.989114
408.988925,52,-3.010286
409.238717,52,-3.039994
409.488792,52,-3.030537
409.738681,52,-3.046815
409.98857,52,-3.06306
410.238452,52,-3.080226
410.488392,52,-3.089434
410.738252,52,-3.109742
410.98813,52,-3.127446
411.238053,52,-3.138954
411.487923,52,-3.157871
411.737831,52,-3.171459
411.987761,52,-3.182077
412.237804,52,-3.177106
412.487778,52,-3.181564
412.737792,52,-3.180485
412.987748,52,-3.1875
413.237753,52,-3.187704
413.487665,52,-3.200789
413.737659,52,-3.20258
413.987641,52,-3.205859
414.237642,52,-3.20676
414.48764,52,-3.207819
414.737609,52,-3.213037
414.987536,52,-3.22406
415.237555,52,-3.222368
415.487498,52,-3.231098
415.737529,52,-3.227783
415.987534,52,-3.228004
416.237398,52,-3.247647
416.487532,52,-3.230032
416.737514,52,-3.233415
416.987487,52,-3.238103
417.237491,52,-3.23838
417.487711,52,-3.208923
417.737524,52,-3.235712
417.987662,52,-3.21746
418.237606,52,-3.226138
418.48775,52,-3.20713
418.737762,52,-3.206303
418.988008,52,-3.17321
419.237894,52,-3.189939
419.48794,52,-3.184414
419.738152,52,-3.15611
419.988191,52,-3.151579
420.238251,52,-3.144168
420.488349,52,-3.131574
420.738408,52,-3.124222
420.988318,52,-3.137606
421.238453,52,-3.119931
421.488423,52,-3.124965
421.738379,52,-3.131856
421.988367,52,-3.134511
422.238318,52,-3.142099
422.488283,52,-3.147946
422.73823,52,-3.156096
422.988119,52,-3.172388
423.238096,52,-3.176449
423.488049,52,-3.183878
423.738064,52,-3.182645
423.988023,52,-3.189286
424.238007,52,-3.192426
424.487796,52,-3.222475
424.737739,52,-3.231265
424.987805,52,-3.223055
425.2377,52,-3.238385
425.487293,52,-3.295646
425.737471,52,-3.271945
425.987345,52,-3.290251
426.237323,52,-3.294212
426.487306,52,-3.297407
426.737271,52,-3.303259
426.987303,52,-3.299682
427.237363,52,-3.292291
427.487266,52,-3.306527
427.737272,52,-3.306628
427.987238,52,-3.312271
428.237232,52,-3.314065
428.487213,52,-3.317534
428.737195,52,-3.320971
428.987192,52,-3.322281
429.237109,52,-3.334595
429.487174,52,-3.326531
429.737163,52,-3.328993
429.987161,52,-3.330154
430.237151,52,-3.332451
430.487144,52,-3.33437
430.737388,52,-3.301459
430.987499,52,-3.287095
431.237535,52,-3.282933
431.487477,52,-3.291875
431.737609,52,-3.274529
431.987904,52,-3.234653
432.23793,52,-3.231999
432.487888,52,-3.238672
432.738077,52,-3.213482
432.988051,52,-3.217912
433.238081,52,-3.214747
433.488172,52,-3.202964
433.738199,52,-3.200185
433.988193,52,-3.201939
434.23842,52,-3.171374
434.488425,52,-3.171636
434.738533,52,-3.157578
434.988533,52,-3.158534
435.238523,52,-3.160835
435.488575,52,-3.154572
435.738637,52,-3.146906
435.988658,52,-3.144809
436.238697,52,-3.140414
436.488767,52,-3.131605
436.739144,52,-3.080326
436.989419,52,-3.043248
437.239517,52,-3.030579
437.489829,52,-2.988437
437.740079,52,-2.954751
437.990186,52,-2.94083
438.240499,52,-2.898462
438.490766,52,-2.862481
438.740966,52,-2.835642
438.991096,52,-2.818632
439.241226,52,-2.801522
439.491427,52,-2.774651
439.74165,52,-2.744744
439.991898,52,-2.711401
440.242143,52,-2.678431
440.492357,52,-2.64972
440.742425,52,-2.641215
440.992557,52,-2.623803
441.242322,52,-2.657302
441.492141,52,-2.68311
441.741949,52,-2.71058
441.991578,52,-2.762865
442.241442,52,-2.782594
442.491098,52,-2.831033
442.741,52,-2.845434
442.990716,52,-2.885569
443.240422,52,-2.92716
443.490264,52,-2.949861
443.739987,52,-2.989082
443.989859,52,-3.007791
444.239634,52,-3.039688
444.489472,52,-3.063021
444.738882,52,-3.145512
444.988809,52,-3.15659
445.238647,52,-3.179847
445.48853,52,-3.196865
445.738452,52,-3.20867
445.988425,52,-3.213278
446.238467,52,-3.208346
446.488205,52,-3.245518
446.7381,52,-3.260867
446.988096,52,-3.262299
447.238025,52,-3.273021
447.487905,52,-3.2905
447.737902,52,-3.291871
447.98789,52,-3.29439
448.237814,52,-3.305805
448.487758,52,-3.314466
448.737774,52,-3.313225
448.98759,52,-3.339495
449.237625,52,-3.335605
449.487623,52,-3.336845
449.737533,52,-3.350089
449.987527,52,-3.351918
450.237471,52,-3.360549
450.487323,52,-3.381869
450.737225,52,-3.396342
450.987221,52,-3.397821
451.237218,52,-3.399178
451.487153,52,-3.408948
451.737201,52,-3.403325
451.987222,52,-3.401295
452.237204,52,-3.404702
452.487299,52,-3.392397
452.737285,52,-3.395302
452.987374,52,-3.383822
453.237407,52,-3.380233
453.48739,52,-3.383463
453.737424,52,-3.379641
453.987413,52,-3.382138
454.237443,52,-3.378863
454.48745,52,-3.378744
454.737499,52,-3.372977
454.98755,52,-3.366735
455.237541,52,-3.36896
455.487574,52,-3.365243
455.737666,52,-3.353443
455.987674,52,-3.353175
456.237923,52,-3.31967
456.488106,52,-3.295386
456.738195,52,-3.283895
456.988316,52,-3.268125
457.238445,52,-3.251159
457.4887,52,-3.216756
457.738777,52,-3.207054
457.989064,52,-3.168314
458.239128,52,-3.160362
458.489279,52,-3.140323
458.739628,52,-3.093036
458.989704,52,-3.083407
459.24005,52,-3.036506
459.49025,52,-3.009737
459.740397,52,-2.990251
459.990732,52,-2.944834
460.240953,52,-2.915174
460.491192,52,-2.883136
460.741399,52,-2.855332
460.991462,52,-2.847615
461.241309,52,-2.869567
461.490991,52,-2.91447
461.740848,52,-2.935208
461.990534,52,-2.979527
462.240505,52,-2.984369
462.490072,52,-3.045157
462.739918,52,-3.067423
462.989619,52,-3.109566
463.239544,52,-3.120926
463.48925,52,-3.16248
463.73886,52,-3.217317
463.988763,52,-3.231595
464.238534,52,-3.264112
464.488399,52,-3.283746
464.738094,52,-3.326789
464.988174,52,-3.316702
465.238214,52,-3.312058
465.487999,52,-3.342656
465.737968,52,-3.347802
465.987887,52,-3.359967
466.237818,52,-3.370437
466.487806,52,-3.373013
466.737821,52,-3.371801
466.987765,52,-3.380373
467.237726,52,-3.386718
467.487672,52,-3.395112
467.737613,52,-3.404189
467.987577,52,-3.410106
468.237519,52,-3.419006
468.487493,52,-3.423403
468.737456,52,-3.429503
468.987435,52,-3.43326
469.237416,52,-3.436783
469.487394,52,-3.440755
469.73729,52,-3.456047
469.987238,52,-3.46409
470.23735,52,-3.449563
470.48731,52,-3.455976
470.737283,52,-3.460685
470.987262,52,-3.46438
471.237239,52,-3.468588
471.487167,52,-3.479367
471.737131,52,-3.485225
471.987179,52,-3.479574
472.237148,52,-3.484663
472.487115,52,-3.490141
472.737125,52,-3.48976
472.987092,52,-3.495226
473.237088,52,-3.49659
473.487068,52,-3.500338
473.737059,52,-3.502455
473.987042,52,-3.505735
474.237053,52,-3.505062
474.487027,52,-3.509592
474.736994,52,-3.515024
474.986992,52,-3.516248
475.236977,52,-3.519165
475.486959,52,-3.522668
475.736945,52,-3.525443
475.986926,52,-3.528963
476.236942,52,-3.527745
476.486928,52,-3.53058
476.736901,52,-3.535087
476.98685,52,-3.54305
477.236911,52,-3.535562
477.486843,52,-3.545912
477.7369,52,-3.538931
477.986939,52,-3.534401
478.236901,52,-3.540628
478.4869,52,-3.541557
478.736879,52,-3.545465
478.986855,52,-3.549595
479.236811,52,-3.556678
479.486848,52,-3.552483
479.736896,52,-3.546637
479.987003,52,-3.532775
480.237118,52,-3.517784
480.487172,52,-3.511305
480.737119,52,-3.519479
480.987296,52,-3.495976
481.237529,52,-3.464578
481.487368,52,-3.487753
481.737541,52,-3.464719
481.987808,52,-3.428679
482.238186,52,-3.377355
482.487968,52,-3.408364
482.738101,52,-3.39098
482.988404,52,-3.349962
483.238769,52,-3.300366
483.488938,52,-3.277961
483.739055,52,-3.262689
483.989246,52,-3.237115
484.239416,52,-3.214568
484.48936,52,-3.223213
484.739172,52,-3.250018
484.988894,52,-3.289375
485.238638,52,-3.325757
485.48841,52,-3.358126
485.738257,52,-3.380149
485.988009,52,-3.415393
486.237876,52,-3.434673
486.487596,52,-3.474311
486.737397,52,-3.502791
486.987101,52,-3.544634
487.236976,52,-3.562773
487.486805,52,-3.587264
487.736659,52,-3.608415
487.986438,52,-3.639794
488.236182,52,-3.676201
488.486023,52,-3.699094
488.736169,52,-3.679707
488.986082,52,-3.692757
489.236014,52,-3.702943
489.485656,52,-3.75337
489.735618,52,-3.759582
489.985812,52,-3.733652
490.235616,52,-3.761678
490.485444,52,-3.786282
490.735459,52,-3.785117
490.985394,52,-3.795071
491.235597,52,-3.767864
491.485956,52,-3.719138
491.735986,52,-3.715868
491.985552,52,-3.776833
492.235724,52,-3.754005
492.48589,52,-3.731953
492.735776,52,-3.74863
492.985553,52,-3.780235
493.235731,52,-3.756529
493.48564,52,-3.770076
493.735735,52,-3.757915
493.985584,52,-3.779652
494.235668,52,-3.768893
494.485607,52,-3.778296
494.735514,52,-3.791972
494.985777,52,-3.756588
495.235657,52,-3.774021
495.485601,52,-3.782771
495.735771,52,-3.760077
495.985653,52,-3.77728
496.235804,52,-3.757411
496.485713,52,-3.7709
496.735745,52,-3.767368
496.985703,52,-3.773997
497.235838,52,-3.756249
497.485757,52,-3.768333
497.735676,52,-3.780492
497.985695,52,-3.778755
498.235721,52,-3.77601
498.485762,52,-3.771262
498.735743,52,-3.77476
498.985659,52,-3.787307
499.235784,52,-3.770995
499.485861,52,-3.761196
499.735861,52,-3.762135
499.985831,52,-3.767217
500.235816,52,-3.770219
500.4859,52,-3.759499
500.735827,52,-3.770465
500.985793,52,-3.776109
501.235902,52,-3.761949
501.48578,52,-3.779667
501.73587,52,-3.768104
501.985838,52,-3.773471
502.235775,52,-3.783118
502.485763,52,-3.785628
502.735718,52,-3.792807
502.985695,52,-3.796883
503.235705,52,-3.796377
503.485663,52,-3.803051
503.735664,52,-3.803825
503.985656,52,-3.805773
504.23562,52,-3.81166
504.485615,52,-3.813375
504.735608,52,-3.815142
504.985579,52,-3.820104
505.235543,52,-3.826034
505.485517,52,-3.83049
505.735443,52,-3.841626
505.985433,52,-3.843853
506.235449,52,-3.842582
506.485408,52,-3.849227
506.735377,52,-3.854343
506.985405,52,-3.851334
507.235332,52,-3.862363
507.485417,52,-3.85158
507.735317,52,-3.866229
507.985312,52,-3.86781
508.235236,52,-3.879342
508.484956,52,-3.918862
508.735091,52,-3.901081
508.985073,52,-3.904555
509.235052,52,-3.908304
509.485016,52,-3.914285
509.734965,52,-3.922123
509.984897,52,-3.93243
510.234879,52,-3.935892
510.484832,52,-3.943274
510.73478,52,-3.951438
510.984744,52,-3.957319
511.234529,52,-3.987821
511.484736,52,-3.960165
511.73474,52,-3.96053
511.984681,52,-3.969641
512.234654,52,-3.97423
512.484411,52,-4.008743
512.734713,52,-3.967854
512.98457,52,-3.988525
513.234559,52,-3.990943
513.484523,52,-3.996902
513.734908,52,-3.944468
513.984633,52,-3.983413
514.234694,52,-3.975933
514.484663,52,-3.981148
514.734744,52,-3.970812
514.984766,52,-3.968678
515.234794,52,-3.965648
515.48502,52,-3.935321
515.734849,52,-3.959879
515.985071,52,-3.930125
516.235049,52,-3.934069
516.485487,52,-3.874415
516.735574,52,-3.863272
516.985871,52,-3.823146
517.235726,52,-3.844059
517.485912,52,-3.819233
517.736108,52,-3.79311
517.986152,52,-3.78782
518.236312,52,-3.766704
518.486449,52,-3.748604
518.736613,52,-3.726864
518.986717,52,-3.713361
519.236932,52,-3.684618
519.487056,52,-3.66825
519.73718,52,-3.652028
519.987313,52,-3.634607
520.237449,52,-3.616677
520.487478,52,-3.6136
520.737568,52,-3.602037
520.98757,52,-3.602734
521.237443,52,-3.621098
521.487412,52,-3.626267
521.737279,52,-3.645585
521.987108,52,-3.670104
522.237087,52,-3.67399
522.48694,52,-3.69517
522.736832,52,-3.711086
522.986695,52,-3.730944
523.236553,52,-3.751454
523.486317,52,-3.78502
523.736362,52,-3.779573
523.986351,52,-3.782019
524.235952,52,-3.838079
524.485864,52,-3.851223
524.735978,52,-3.836362
524.985724,52,-3.872402
525.235422,52,-3.915049
525.485489,52,-3.906651
525.735176,52,-3.950898
525.984989,52,-3.977588
526.234988,52,-3.978706
526.485165,52,-3.955092
526.734847,52,-3.999931
526.984711,52,-4.019628
527.23477,52,-4.012401
527.484684,52,-4.025164
527.734713,52,-4.022155
527.984666,52,-4.029491
528.234646,52,-4.033123
528.48464,52,-4.034881
528.734547,52,-4.048684
528.984553,52,-4.0488
529.234517,52,-4.054571
529.484491,52,-4.059093
529.734481,52,-4.061376
529.984437,52,-4.068356
530.234468,52,-4.065074
530.484502,52,-4.061242
530.734443,52,-4.070287
530.984537,52,-4.058127
531.234813,52,-4.020933
531.484756,52,-4.029712
531.734911,52,-4.009157
531.985238,52,-3.964918
532.235131,52,-3.980572
532.485635,52,-3.911861
532.735746,52,-3.897337
532.985837,52,-3.885747
533.236193,52,-3.837344
533.486187,52,-3.839112
533.736396,52,-3.811048
533.986429,52,-3.807397
534.236503,52,-3.798124
534.486652,52,-3.778421
534.736621,52,-3.78366
534.98658,52,-3.790204
535.236804,52,-3.760148
535.486561,52,-3.794672
535.736785,52,-3.764562
535.986742,52,-3.771419
536.236809,52,-3.763024
536.486814,52,-3.76331
536.737252,52,-3.703626
536.987332,52,-3.693378
537.237211,52,-3.711115
537.487448,52,-3.679238
537.737131,52,-3.723882
537.987122,52,-3.726108
538.237085,52,-3.732148
538.487203,52,-3.716746
538.737165,52,-3.722825
538.987132,52,-3.728371
539.237107,52,-3.732715
539.486574,52,-3.807227
539.736346,52,-3.839708
539.986068,52,-3.879094
540.236371,52,-3.838052
540.48634,52,-3.843246
540.736027,52,-3.887436
540.985328,52,-3.984963
541.235315,52,-3.987644
541.485308,52,-3.98952
541.735301,52,-3.991377
541.985284,52,-3.99462
542.23527,52,-3.997591
542.485253,52,-4.000779
542.735269,52,-3.999479
542.985271,52,-4.000145
543.235265,52,-4.001784
543.485262,52,-4.003148
543.735261,52,-4.004175
543.985236,52,-4.008539
544.235243,52,-4.008525
544.485239,52,-4.010015
544.735253,52,-4.008907
544.98526,52,-4.008818
545.235259,52,-4.009845
545.485274,52,-4.008683
545.735213,52,-4.018128
545.985259,52,-4.012563
546.235194,52,-4.022445
546.485303,52,-4.00827
546.735284,52,-4.011919
546.985141,52,-4.032498
547.235261,52,-4.016881
547.485225,52,-4.022669
547.735229,52,-4.023069
547.985147,52,-4.035258
548.235336,52,-4.010084
548.485128,52,-4.039718
548.735176,52,-4.03406
548.9852,52,-4.031639
549.235299,52,-4.018768
549.485462,52,-3.997178
549.735468,52,-3.997224
549.985624,52,-3.976636
550.235733,52,-3.962443
550.485794,52,-3.954899
550.73592,52,-3.938408
550.985987,52,-3.930002
551.23619,52,-3.902922
551.486171,52,-3.906398
551.736213,52,-3.901503
551.986373,52,-3.880267
552.236544,52,-3.857591
552.486625,52,-3.847307
552.736698,52,-3.837991
552.986803,52,-3.824383
553.236906,52,-3.81106
553.48705,52,-3.792061
553.73708,52,-3.788834
553.987233,52,-3.768668
554.236873,52,-3.819332
554.486845,52,-3.824075
554.73687,52,-3.821544
554.986799,52,-3.832208
555.236513,52,-3.872732
555.486383,52,-3.891557
555.736357,52,-3.896117
555.986161,52,-3.923991
556.236043,52,-3.941215
556.485935,52,-3.957129
556.735805,52,-3.976002
556.985603,52,-4.004804
557.235321,52,-4.044659
557.485169,52,-4.066657
557.735154,52,-4.069684
557.984904,52,-4.105087
558.234809,52,-4.119159
558.484808,52,-4.120146
558.734577,52,-4.152951
558.984387,52,-4.180212
559.234435,52,-4.174492
559.48426,52,-4.199571
559.734111,52,-4.221023
559.984041,52,-4.23171
560.233885,52,-4.254087
560.484107,52,-4.224367
560.733907,52,-4.252893
560.983727,52,-4.278635
561.233679,52,-4.286222
561.483652,52,-4.290873
561.733708,52,-4.284007
561.983595,52,-4.300548
562.233661,52,-4.292377
562.48354,52,-4.309956
562.7335,52,-4.316428
562.983457,52,-4.323185
563.233424,52,-4.328679
563.483422,52,-4.329821
563.733244,52,-4.355423
563.983194,52,-4.363173
564.233366,52,-4.340323
564.483208,52,-4.363122
564.733437,52,-4.332281
564.983265,52,-4.357
565.233421,52,-4.336375
565.483218,52,-4.365259
565.733123,52,-4.379407
565.983223,52,-4.366401
566.233406,52,-4.342033
566.483303,52,-4.357159
566.733354,52,-4.351103
566.983404,52,-4.345022
567.233613,52,-4.317062
567.48349,52,-4.3349
567.733356,52,-4.354448
567.983272,52,-4.366872
568.233106,52,-4.390791
568.483357,52,-4.356981
568.733248,52,-4.372943
568.983292,52,-4.367767
569.233206,52,-4.38057
569.4829,52,-4.423817
569.73299,52,-4.412185
569.983052,52,-4.404499
570.233049,52,-4.405904
570.48303,52,-4.409345
570.733038,52,-4.409161
570.983239,52,-4.382339
571.232987,52,-4.418125
571.483101,52,-4.403246
571.733316,52,-4.374404
571.983124,52,-4.401868
572.233281,52,-4.381042
572.483226,52,-4.389571
572.733265,52,-4.384997
572.983406,52,-4.366487
573.233324,52,-4.37876
573.483365,52,-4.373902
573.733476,52,-4.35954
573.983474,52,-4.3607
574.233391,52,-4.373022
574.483443,52,-4.366765
574.733435,52,-4.368824
574.983527,52,-4.356931
575.233559,52,-4.353442
575.483645,52,-4.342414
575.733671,52,-4.339814
575.983711,52,-4.335119
576.233706,52,-4.336707
576.483757,52,-4.330535
576.733831,52,-4.321251
576.983853,52,-4.319142
577.233883,52,-4.315938
577.483924,52,-4.31107
577.733978,52,-4.304486
577.983993,52,-4.303439
578.234048,52,-4.296688
578.484082,52,-4.292813
578.734132,52,-4.286871
578.984131,52,-4.287882
579.234218,52,-4.276822
579.484273,52,-4.27006
579.734294,52,-4.268115
579.984334,52,-4.263495
580.234345,52,-4.262811
580.484374,52,-4.25973
580.734368,52,-4.261447
580.984434,52,-4.253195
581.234563,52,-4.236261
581.484486,52,-4.247844
581.734701,52,-4.219067
581.984579,52,-4.236851
582.234576,52,-4.238191
582.484605,52,-4.234965
582.73465,52,-4.229659
582.984713,52,-4.221915
583.234859,52,-4.20266
583.484715,52,-4.223487
583.734618,52,-4.237811
583.984585,52,-4.243227
584.23448,52,-4.25866
584.484427,52,-4.266879
584.734388,52,-4.273121
584.984307,52,-4.285325
585.234127,52,-4.311078
585.484208,52,-4.300729
585.733937,52,-4.339199
585.983885,52,-4.34725
586.233881,52,-4.348747
586.483908,52,-4.34585
586.733737,52,-4.370358
586.983848,52,-4.355954
587.233638,52,-4.385963
587.483698,52,-4.378478
587.733744,52,-4.373096
587.98359,52,-4.395316
588.233554,52,-4.401086
588.48365,52,-4.388763
588.73353,52,-4.406286
588.983372,52,-4.429069
589.233306,52,-4.439054
589.483256,52,-4.446812
589.733273,52,-4.445371
589.983167,52,-4.461014
590.233113,52,-4.469404
590.483074,52,-4.47569
590.733099,52,-4.473121
590.983017,52,-4.485287
591.233006,52,-4.487795
591.482985,52,-4.491598
591.732965,52,-4.495281
591.982936,52,-4.500182
592.232915,52,-4.504007
592.48288,52,-4.509761
592.732854,52,-4.514179
592.98297,52,-4.499123
593.232952,52,-4.502461
593.482966,52,-4.501421
593.732754,52,-4.531669
593.982774,52,-4.52979
594.232785,52,-4.529102
594.482766,52,-4.532754
594.732786,52,-4.530842
594.982773,52,-4.533531
595.232767,52,-4.535293
595.482797,52,-4.532009
595.732751,52,-4.539353
595.98274,52,-4.541691
596.232748,52,-4.541541
596.482751,52,-4.541968
596.732783,52,-4.53843
596.982835,52,-4.532196
597.23279,52,-4.53935
597.482858,52,-4.530864
597.732896,52,-4.526498
597.98285,52,-4.533728
598.232822,52,-4.538475
598.48293,52,-4.52451
598.732903,52,-4.529178
598.982955,52,-4.522807
599.233011,52,-4.516012
599.482834,52,-4.541348
599.732896,52,-4.533699
599.982865,52,-4.538884
600.233101,52,-4.507128
600.483003,52,-4.521667
600.733052,52,-4.515775
600.983197,52,-4.496656
601.233202,52,-4.496806
601.483494,52,-4.457404
601.733811,52,-4.414472
601.983688,52,-4.432357
602.234091,52,-4.377532
602.484014,52,-4.389019
602.734148,52,-4.371461
602.984315,52,-4.349228
603.234633,52,-4.306225
603.484476,52,-4.32877
603.734652,52,-4.30537
603.984784,52,-4.287954
604.235084,52,-4.247467
604.485105,52,-4.24551
604.735153,52,-4.239715
604.985467,52,-4.197188
605.235634,52,-4.175003
605.485766,52,-4.157644
605.735895,52,-4.140716
605.98594,52,-4.135466
606.236078,52,-4.117246
606.486218,52,-4.098812
606.736201,52,-4.102015
606.986113,52,-4.115126
607.236025,52,-4.128238
607.485936,52,-4.141349
607.735848,52,-4.154461
607.98576,52,-4.167572
608.235671,52,-4.180683
608.485583,52,-4.193795
608.735491,52,-4.20739
608.985552,52,-4.199859
609.23534,52,-4.230137
609.485323,52,-4.233434
609.735224,52,-4.248043
609.984879,52,-4.296573
610.234967,52,-4.285365
610.48463,52,-4.332802
610.734897,52,-4.296798
610.984584,52,-4.340972
611.234546,52,-4.347199
611.48433,52,-4.37797
611.734421,52,-4.366234
611.984289,52,-4.385453
612.234124,52,-4.409163
612.484108,52,-4.412247
612.734044,52,-4.422015
612.983964,52,-4.433957
613.233915,52,-4.441613
613.483861,52,-4.450061
613.733696,52,-4.473713
613.983557,52,-4.493858
614.233425,52,-4.513019
614.483579,52,-4.492663
614.73368,52,-4.479527
614.983409,52,-4.517975
615.233453,52,-4.512675
615.483239,52,-4.543225
615.733293,52,-4.536607
615.983517,52,-4.506557
616.233368,52,-4.528145
616.483392,52,-4.525717
616.733447,52,-4.519046
616.983389,52,-4.527874
617.233378,52,-4.530339
617.483341,52,-4.536406
617.733255,52,-4.549085
617.983294,52,-4.544636
618.233227,52,-4.554882
618.483233,52,-4.554859
618.73323,52,-4.556182
618.983203,52,-4.560885
619.233238,52,-4.556966
619.483443,52,-4.529479
619.733437,52,-4.531257
619.983394,52,-4.538079
620.233419,52,-4.535554
620.483231,52,-4.562406
620.733105,52,-4.580753
620.982983,52,-4.598569
621.232865,52,-4.615676
621.482939,52,-4.60643
621.732988,52,-4.600584
621.982879,52,-4.616486
622.233053,52,-4.593379
622.482898,52,-4.615687
622.733073,52,-4.592357
622.983144,52,-4.58348
623.232753,52,-4.638519
623.482912,52,-4.617323
623.732794,52,-4.634581
623.982985,52,-4.609058
624.233321,52,-4.563546
624.483134,52,-4.590307
624.733197,52,-4.582456
624.9828,52,-4.638246
625.232818,52,-4.636704
625.483019,52,-4.609837
625.732763,52,-4.646162
625.982633,52,-4.665022
626.232752,52,-4.649485
626.482761,52,-4.649047
626.732727,52,-4.654713
626.982824,52,-4.642157
627.232902,52,-4.632259
627.482815,52,-4.645264
627.732874,52,-4.637997
627.982802,52,-4.648881
628.232831,52,-4.645812
628.482812,52,-4.649349
628.732805,52,-4.651144
628.982796,52,-4.653336
629.232789,52,-4.655219
629.482782,52,-4.657004
629.732776,52,-4.658792
629.982763,52,-4.661436
630.232753,52,-4.663748
630.482733,52,-4.667444
630.732729,52,-4.668897
630.982714,52,-4.67183
631.232724,52,-4.671352
631.482744,52,-4.669553
631.732785,52,-4.664817
631.982822,52,-4.660583
632.232838,52,-4.659259
632.482839,52,-4.659947
632.732819,52,-4.663689
632.982796,52,-4.667757
633.232748,52,-4.67525
633.4826,52,-4.696632
633.732805,52,-4.669189
633.982572,52,-4.702323
634.232471,52,-4.717225
634.482442,52,-4.722195
634.732578,52,-4.704177
634.98284,52,-4.668909
635.232551,52,-4.709802
635.482493,52,-4.718732
635.732726,52,-4.687403
635.982489,52,-4.721083
636.232346,52,-4.741705
636.482591,52,-4.708714
636.732639,52,-4.703101
636.982469,52,-4.72744
637.232494,52,-4.724899
637.482432,52,-4.734299
637.732416,52,-4.737483
637.982388,52,-4.742197
638.232252,52,-4.761903
638.4821,52,-4.783889
638.732064,52,-4.789776
638.981965,52,-4.804344
639.231915,52,-4.812246
639.48187,52,-4.819298
639.731753,52,-4.836398
639.981719,52,-4.841997
640.231739,52,-4.840175
640.481762,52,-4.837848
640.731578,52,-4.864229
640.98159,52,-4.863465
641.231531,52,-4.872525
641.481612,52,-4.862279
641.731661,52,-4.856375
641.981417,52,-4.890958
642.231452,52,-4.886992
642.481275,52,-4.9124
642.731266,52,-4.914584
642.981098,52,-4.938728
643.231046,52,-4.946811
643.480961,52,-4.959522
643.731059,52,-4.946746
643.98107,52,-4.946166
644.231106,52,-4.94206
644.481171,52,-4.934038
644.731124,52,-4.941431
644.981377,52,-4.90732
645.231321,52,-4.915946
645.481404,52,-4.905424
645.731448,52,-4.900262
645.981496,52,-4.89458
646.231623,52,-4.87792
646.48167,52,-4.87221
646.731725,52,-4.865507
646.981692,52,-4.871026
647.231937,52,-4.838124
647.482047,52,-4.823694
647.73237,52,-4.780027
647.982491,52,-4.764116
648.232535,52,-4.75895
648.482755,52,-4.729429
648.733019,52,-4.693829
648.983112,52,-4.68195
649.233354,52,-4.649427
649.483575,52,-4.619733
649.733748,52,-4.59673
649.98401,52,-4.561414
650.2341,52,-4.549871
650.484351,52,-4.516
650.734231,52,-4.533503
650.984122,52,-4.549556
651.233979,52,-4.570191
651.483908,52,-4.580935
651.733764,52,-4.601693
651.983651,52,-4.618269
652.233515,52,-4.637912
652.483383,52,-4.657087
652.733295,52,-4.670241
652.983151,52,-4.690989
653.23334,52,-4.66582
653.482928,52,-4.723712
653.732841,52,-4.736631
653.982743,52,-4.751048
654.232793,52,-4.745021
654.482567,52,-4.777145
654.732585,52,-4.775561
654.982435,52,-4.797235
655.232433,52,-4.79843
655.482871,52,-4.738694
655.732952,52,-4.728408
655.982603,52,-4.777585
656.23253,52,-4.788566
656.482698,52,-4.766249
656.732282,52,-4.824681
656.982484,52,-4.797691
657.232175,52,-4.841322
657.482365,52,-4.81589
657.732074,52,-4.857059
657.98207,52,-4.858507
658.232026,52,-4.865586
658.482129,52,-4.852147
658.732154,52,-4.849658
658.982215,52,-4.842176
659.232205,52,-4.844428
659.482122,52,-4.856807
659.732138,52,-4.855475
659.98203,52,-4.871377
660.232098,52,-4.862786
660.482017,52,-4.874985
660.731958,52,-4.883923
660.98194,52,-4.887433
661.231793,52,-4.908582
661.481986,52,-4.882878
661.732188,52,-4.855858
661.981827,52,-4.906627
662.231779,52,-4.914146
662.482296,52,-4.843522
662.73231,52,-4.842574
662.98253,52,-4.813052
663.232212,52,-4.857947
663.482047,52,-4.881593
663.732172,52,-4.865208
663.982308,52,-4.847328
664.232245,52,-4.856957
664.482336,52,-4.845259
664.731828,52,-4.916383
664.982043,52,-4.887529
665.232168,52,-4.871184
665.482121,52,-4.878569
665.73159,52,-4.952972
665.981669,52,-4.942923
666.231893,52,-4.91283
666.481738,52,-4.935219
666.731579,52,-4.95814
666.981899,52,-4.914762
667.232084,52,-4.890099
667.482074,52,-4.89239
667.732017,52,-4.901087
667.981925,52,-4.914724
668.23177,52,-4.937037
668.481895,52,-4.920697
668.731671,52,-4.952643
668.982079,52,-4.897114
669.232023,52,-4.905668
669.481886,52,-4.925621
669.73192,52,-4.921811
669.981879,52,-4.928297
670.231907,52,-4.925391
670.481946,52,-4.920861
670.731978,52,-4.917389
670.982015,52,-4.913116
671.232128,52,-4.89839
671.482093,52,-4.904187
671.732198,52,-4.890599
671.983358,52,-4.73111
672.23322,52,-4.751099
672.483414,52,-4.725146
672.733626,52,-4.696751
672.983564,52,-4.706154
673.233805,52,-4.673768
673.483589,52,-4.704612
673.734195,52,-4.621647
673.983872,52,-4.667272
674.234413,52,-4.593346
674.484708,52,-4.553438
674.734404,52,-4.596431
674.985162,52,-4.492559
675.234945,52,-4.523353
675.484725,52,-4.554695
675.734558,52,-4.578711
675.984194,52,-4.629967
676.234046,52,-4.651266
676.483773,52,-4.689919
676.733771,52,-4.691174
676.983576,52,-4.719044
677.232597,52,-4.855264
677.482895,52,-4.815003
677.733147,52,-4.781019
677.982689,52,-4.845304
678.232394,52,-4.886959
678.482178,52,-4.91779
678.73187,52,-4.961237
678.981665,52,-4.990429
679.232055,52,-4.937503
679.481677,52,-4.990682
679.731893,52,-4.961725
679.981968,52,-4.952219
680.231947,52,-4.956008
680.481933,52,-4.958906
680.731583,52,-5.008155
680.981805,52,-4.978298
681.231882,52,-4.968666
681.481524,52,-5.018985
681.73147,52,-5.027445
681.981414,52,-5.036068
682.231414,52,-5.036956
682.48142,52,-5.037014
682.731453,52,-5.033403
682.981407,52,-5.040657
683.231476,52,-5.03192
683.48135,52,-5.05038
683.731413,52,-5.04244
683.981248,52,-5.06622
684.231547,52,-5.025829
684.481377,52,-5.05026
684.731329,52,-5.057772
684.981453,52,-5.041479
685.231371,52,-5.053673
685.481521,52,-5.033898
685.731317,52,-5.063027
685.981392,52,-5.053573
686.231296,52,-5.06767
686.481357,52,-5.060165
686.73148,52,-5.044041
686.981534,52,-5.037549
687.231683,52,-5.017851
687.4816,52,-5.030202
687.73297,52,-4.841632
687.982813,52,-4.864324
688.232856,52,-4.859284
688.483664,52,-4.748457
688.733558,52,-4.76394
688.983606,52,-4.75825
689.234167,52,-4.681644
689.483778,52,-4.736233
689.733934,52,-4.715578
689.983661,52,-4.754291
690.233614,52,-4.761697
690.483575,52,-4.767976
690.733503,52,-4.77887
690.983446,52,-4.787608
691.233361,52,-4.800279
691.483312,52,-4.807946
691.73325,52,-4.817436
691.983201,52,-4.825174
692.233138,52,-4.834673
692.483086,52,-4.842761
692.733053,52,-4.848297
692.982984,52,-4.858724
693.232905,52,-4.870543
693.482723,52,-4.896678
693.732468,52,-4.932749
693.982328,52,-4.953078
694.232252,52,-4.964514
694.482152,52,-4.979231
694.732056,52,-4.993378
694.981971,52,-5.006015
695.231857,52,-5.022701
695.481737,52,-5.040238
695.731628,52,-5.056114
695.981497,52,-5.075164
696.2314,52,-5.089492
696.481291,52,-5.10551
696.731287,52,-5.106938
696.98123,52,-5.115779
697.231193,52,-5.121705
697.481156,52,-5.127764
697.731156,52,-5.12861
697.981143,52,-5.131381
698.231106,52,-5.137382
698.481113,52,-5.137323
698.731076,52,-5.143283
698.981042,52,-5.14891
699.230991,52,-5.156925
699.480999,52,-5.156758
699.730954,52,-5.163895
699.980954,52,-5.16471
700.230921,52,-5.170262
700.480914,52,-5.1721
700.730885,52,-5.17704
700.980836,52,-5.184665
701.230812,52,-5.188938
701.480802,52,-5.191225
701.730759,52,-5.197967
701.980779,52,-5.196176
702.230724,52,-5.204666
702.481501,52,-5.098194
702.731734,52,-5.066783
702.981878,52,-5.047851
703.232038,52,-5.026655
703.482201,52,-5.004911
703.732358,52,-4.984228
703.982484,52,-4.967639
704.232658,52,-4.944483
704.482689,52,-4.941059
704.732703,52,-4.940015
704.982666,52,-4.946062
705.232593,52,-4.957054
705.48253,52,-4.966662
705.732461,52,-4.977188
705.982398,52,-4.986715
706.232339,52,-4.995898
706.482454,52,-4.980887
706.73228,52,-5.005828
706.98214,52,-5.026121
707.23202,52,-5.043605
707.481856,52,-5.067172
707.731596,52,-5.103939
707.981366,52,-5.136659
708.231172,52,-5.164415
708.481024,52,-5.185811
708.730893,52,-5.204869
708.980692,52,-5.233554
709.230519,52,-5.258298
709.480368,52,-5.280084
709.730182,52,-5.306788
709.979986,52,-5.334752
710.229977,52,-5.336855
710.479945,52,-5.342189
710.729947,52,-5.342818
710.979959,52,-5.34204
711.229892,52,-5.35219
711.479869,52,-5.356404
711.729848,52,-5.360208
711.97983,52,-5.363562
712.229829,52,-5.364625
712.479827,52,-5.365767
712.72983,52,-5.366312
712.979834,52,-5.366599
713.229828,52,-5.36837
713.479837,52,-5.367934
713.729838,52,-5.368741
713.97984,52,-5.369402
714.229836,52,-5.37087
714.479821,52,-5.373795
714.729826,52,-5.374054
714.979837,52,-5.373438
715.229838,52,-5.374169
715.479825,52,-5.37684
715.729844,52,-5.375191
715.979823,52,-5.379037
716.22984,52,-5.377501
716.479802,52,-5.383642
716.729786,52,-5.386845
716.979748,52,-5.392948
717.229736,52,-5.395484
717.479678,52,-5.404442
717.729622,52,-5.413071
717.979546,52,-5.424564
718.229437,52,-5.440514
718.479302,52,-5.460068
718.729287,52,-5.463046
718.979319,52,-5.459495
719.229397,52,-5.449569
719.479424,52,-5.446785
719.729462,52,-5.442397
719.979399,52,-5.452112
720.229406,52,-5.451979
720.479449,52,-5.446923
720.729448,52,-5.447949
720.979473,52,-5.445459
721.229425,52,-5.45302
721.479428,52,-5.453484
721.729405,52,-5.457539
721.979408,52,-5.458078
722.229414,52,-5.458095
722.479391,52,-5.462206
722.729428,52,-5.458012
722.979435,52,-5.457922
723.229425,52,-5.460281
723.479457,52,-5.456666
723.729392,52,-5.466528
723.979477,52,-5.455773
724.229483,52,-5.455754
724.479472,52,-5.458305
724.729501,52,-5.45517
724.979507,52,-5.455195
725.229488,52,-5.458714
725.479503,52,-5.457559
725.729529,52,-5.454833
725.979562,52,-5.451216
726.229586,52,-5.448762
726.47962,52,-5.445069
726.729622,52,-5.445688
726.979668,52,-5.440165
727.2297,52,-5.436711
727.479739,52,-5.432144
727.729769,52,-5.428918
727.979803,52,-5.425147
728.229849,52,-5.419655
728.479881,52,-5.4161
728.729953,52,-5.407093
728.979979,52,-5.404414
729.230043,52,-5.396449
729.480092,52,-5.390637
729.730121,52,-5.3875
729.980159,52,-5.383157
730.23023,52,-5.37419
730.480278,52,-5.368514
730.73029,52,-5.367689
730.980416,52,-5.351248
731.230483,52,-5.342876
731.480533,52,-5.336803
731.730483,52,-5.344735
731.980506,52,-5.342347
732.23054,52,-5.338565
732.480587,52,-5.33307
732.730602,52,-5.331803
732.980613,52,-5.331241
733.230614,52,-5.331975
733.480627,52,-5.331103
733.730619,52,-5.333061
733.980617,52,-5.334232
734.230567,52,-5.342048
734.480569,52,-5.342757
734.730421,52,-5.364089
734.980305,52,-5.381019
735.230182,52,-5.398968
735.480078,52,-5.414197
735.729961,52,-5.431314
735.979825,52,-5.451029
736.229712,52,-5.467582
736.479595,52,-5.484622
736.729504,52,-5.498114
736.979397,52,-5.513871
737.229276,52,-5.531469
737.479158,52,-5.548627
737.729048,52,-5.564747
737.978933,52,-5.58163
738.228813,52,-5.59902
738.478699,52,-5.615692
738.728591,52,-5.631637
738.978465,52,-5.649847
739.228322,52,-5.670575
739.478317,52,-5.672138
739.728228,52,-5.685399
739.978235,52,-5.685267
740.228282,52,-5.679693
740.478315,52,-5.676093
740.728308,52,-5.677961
740.978309,52,-5.678685
741.228299,52,-5.680977
741.47827,52,-5.685924
741.728329,52,-5.678682
741.978315,52,-5.681499
742.228318,52,-5.681935
742.478319,52,-5.6827
742.728356,52,-5.678585
742.978379,52,-5.67622
743.228454,52,-5.666845
743.478475,52,-5.664768
743.728543,52,-5.656345
743.978553,52,-5.655782
744.228599,52,-5.650339
744.478608,52,-5.65002
744.728675,52,-5.641611
744.97876,52,-5.630887
745.228791,52,-5.627465
745.478793,52,-5.628095
745.728823,52,-5.624883
745.97894,52,-5.609543
746.228992,52,-5.603286
746.478969,52,-5.607319
746.72904,52,-5.598471
746.979005,52,-5.604162
747.229025,52,-5.602378
747.479037,52,-5.601592
747.729059,52,-5.599456
747.979035,52,-5.603615
748.229041,52,-5.603701
748.479052,52,-5.603163
748.729083,52,-5.599713
748.979097,52,-5.598743
749.229071,52,-5.603231
749.479206,52,-5.585409
749.729094,52,-5.601832
749.979092,52,-5.602983
750.229112,52,-5.601088
750.479114,52,-5.60174
750.72909,52,-5.606022
750.979119,52,-5.602928
751.229134,52,-5.601696
751.479089,52,-5.608865
751.729041,52,-5.616382
751.97911,52,-5.607744
752.229095,52,-5.610743
752.47906,52,-5.616427
752.729055,52,-5.618068
752.979041,52,-5.620855
753.22902,52,-5.624708
753.479036,52,-5.62334
753.728982,52,-5.631726
753.978938,52,-5.638806
754.228859,52,-5.650637
754.478824,52,-5.656388
754.728784,52,-5.662805
754.978765,52,-5.66622
755.228779,52,-5.665223
755.478805,52,-5.662608
755.728801,52,-5.664014
755.978805,52,-5.664351
756.228813,52,-5.664236
756.478828,52,-5.663046
756.728833,52,-5.663219
756.978805,52,-5.668054
757.228831,52,-5.665241
757.478818,52,-5.667947
757.728822,52,-5.668396
757.978823,52,-5.669079
758.228831,52,-5.668873
758.478826,52,-5.670443
758.728846,52,-5.668639
758.978849,52,-5.669163
759.228867,52,-5.667589
759.478882,52,-5.666407
759.728885,52,-5.666815
759.978907,52,-5.664724
760.228919,52,-5.663934
760.478921,52,-5.66467
760.728954,52,-5.660883
760.978938,52,-5.664063
761.228953,52,-5.662828
761.478997,52,-5.657678
761.729007,52,-5.657272
761.978996,52,-5.659686
762.22904,52,-5.654436
762.479049,52,-5.654117
762.729045,52,-5.655582
762.979032,52,-5.658254
763.229072,52,-5.653742
763.479085,52,-5.652846
763.729129,52,-5.647609
763.979137,52,-5.64746
764.229143,52,-5.647485
764.47914,52,-5.648819
764.729146,52,-5.648888
764.979158,52,-5.648158
765.229141,52,-5.651398
765.479123,52,-5.654823
765.729134,52,-5.654165
765.979127,52,-5.655945
766.229127,52,-5.656965
766.479143,52,-5.655565
766.729178,52,-5.651612
766.979186,52,-5.651506
767.229197,52,-5.650822
767.479212,52,-5.64972
767.729278,52,-5.641499
767.979289,52,-5.640809
768.229317,52,-5.637825
768.479395,52,-5.628057
768.72952,52,-5.611616
768.979605,52,-5.600793
769.230569,52,-5.468432
769.480603,52,-5.4646
769.730818,52,-5.435793
769.981103,52,-5.397225
770.231336,52,-5.365937
770.481535,52,-5.339291
770.731752,52,-5.310291
770.982011,52,-5.275331
771.232251,52,-5.243121
771.48238,52,-5.226099
771.732376,52,-5.22758
771.98248,52,-5.214137
772.232602,52,-5.198177
772.48264,52,-5.193757
772.732725,52,-5.182892
772.982736,52,-5.182387
773.232744,52,-5.182119
773.482781,52,-5.177898
773.732793,52,-5.177176
773.982817,52,-5.174763
774.23288,52,-5.166914
774.482861,52,-5.170516
774.73289,52,-5.167377
774.982901,52,-5.166764
775.232906,52,-5.166971
775.482892,52,-5.169788
775.732907,52,-5.168665
775.982891,52,-5.171792
776.232877,52,-5.17455
776.482912,52,-5.170652
776.732918,52,-5.170725
776.982891,52,-5.175353
777.232899,52,-5.175087
777.482809,52,-5.188467
777.732858,52,-5.18267
777.982719,52,-5.202752
778.232714,52,-5.204381
778.482669,52,-5.211528
778.732622,52,-5.218827
778.98249,52,-5.238097
779.232528,52,-5.233746
779.482377,52,-5.25553
779.732459,52,-5.245016
779.982246,52,-5.275454
780.232346,52,-5.262441
780.482299,52,-5.269821
780.732061,52,-5.303738
780.981915,52,-5.324819
781.231752,52,-5.348261
781.481562,52,-5.375359
781.73148,52,-5.387583
781.981291,52,-5.414605
782.231166,52,-5.432888
782.481051,52,-5.449669
782.730959,52,-5.463265
782.980774,52,-5.489779
783.230629,52,-5.510685
783.48052,52,-5.526668
783.730295,52,-5.558751
783.980035,52,-5.59557
784.229823,52,-5.625826
784.479603,52,-5.657084
784.729363,52,-5.691187
784.979195,52,-5.715273
785.228924,52,-5.753628
785.478708,52,-5.784458
785.728468,52,-5.818589
785.978147,52,-5.863774
786.227918,52,-5.896447
786.47764,52,-5.935732
786.727437,52,-5.964653
786.977155,52,-6.004577
787.227288,52,-5.987152
787.477287,52,-5.988106
787.727306,52,-5.986394
787.97731,52,-5.986832
788.227335,52,-5.984316
788.477334,52,-5.985223
788.727335,52,-5.986024
788.97732,52,-5.989009
789.227309,52,-5.99146
789.477295,52,-5.994322
789.727323,52,-5.991315
789.977267,52,-5.999985
790.227208,52,-6.009084
790.477209,52,-6.009843
790.727241,52,-6.00627
790.977209,52,-6.011605
791.227209,52,-6.012507
791.477193,52,-6.015702
791.727134,52,-6.02475
791.977114,52,-6.028335
792.22708,52,-6.03391
792.477028,52,-6.042073
792.727008,52,-6.045686
792.976956,52,-6.053883
793.226937,52,-6.057424
793.476919,52,-6.060799
793.726902,52,-6.064036
793.976864,52,-6.07022
794.226833,52,-6.075416
794.476784,52,-6.082998
794.726786,52,-6.083649
794.976759,52,-6.08825
795.226697,52,-6.097807
795.476773,52,-6.088144
795.726741,52,-6.093562
795.976645,52,-6.107648
796.226626,52,-6.111147
796.476562,52,-6.121011
796.726575,52,-6.120002
796.976463,52,-6.136501
797.226529,52,-6.128296
797.47646,52,-6.138694
797.726635,52,-6.115414
797.976468,52,-6.139394
798.226549,52,-6.129105
798.476513,52,-6.135025
798.726537,52,-6.132548
798.976576,52,-6.128036
799.22662,52,-6.122901
799.47668,52,-6.115471
799.726704,52,-6.113028
799.976724,52,-6.111181
800.226801,52,-6.101432
800.476759,52,-6.108145
800.726802,52,-6.103092
800.976842,52,-6.098517
801.226855,52,-6.097648
801.476942,52,-6.08649
801.726952,52,-6.086061
801.976961,52,-6.085622
802.226941,52,-6.089289
802.476961,52,-6.087474
802.726955,52,-6.089198
802.976962,52,-6.089197
803.226966,52,-6.089509
803.47695,52,-6.092668
803.726951,52,-6.09339
803.976937,52,-6.096298
804.226888,52,-6.103876
804.476896,52,-6.103643
804.726884,52,-6.10632
804.976852,52,-6.111585
805.226811,52,-6.118128
805.476758,52,-6.126406
805.726743,52,-6.129332
805.976717,52,-6.133848
806.226695,52,-6.137854
806.476731,52,-6.13381
806.726726,52,-6.135339
806.976717,52,-6.137531
807.226714,52,-6.13879
807.476684,52,-6.143803
807.726689,52,-6.14412
807.976637,52,-6.152173
808.226611,52,-6.156679
808.476676,52,-6.148623
808.726826,52,-6.128747
808.976812,52,-6.131634
809.226709,52,-6.146707
809.476735,52,-6.14407
809.726798,52,-6.136293
809.976921,52,-6.120164
810.226894,52,-6.124789
810.476948,52,-6.118226
810.726988,52,-6.11355
810.977037,52,-6.107667
811.227083,52,-6.102294
811.477161,52,-6.09235
811.727225,52,-6.08445
811.977295,52,-6.07563
812.227403,52,-6.06164
812.47748,52,-6.051875
812.727911,52,-5.993165
812.978236,52,-5.9491
813.228404,52,-5.926848
813.478607,52,-5.899669
813.728776,52,-5.877238
813.979001,52,-5.847029
814.229197,52,-5.820791
814.479371,52,-5.797688
814.729602,52,-5.766561
814.979512,52,-5.779918
815.229513,52,-5.780728
815.479488,52,-5.785038
815.729479,52,-5.7872
815.979472,52,-5.789083
816.22948,52,-5.78894
816.479385,52,-5.802917
816.729343,52,-5.80973
816.979339,52,-5.81112
817.229304,52,-5.816901
817.47938,52,-5.807205
817.729302,52,-5.818952
817.979132,52,-5.8434
818.228934,52,-5.871676
818.478716,52,-5.902698
818.728513,52,-5.931597
818.978359,52,-5.953924
819.228103,52,-5.990134
819.477917,52,-6.016847
819.727684,52,-6.049923
819.977474,52,-6.079879
820.227288,52,-6.106407
820.477124,52,-6.129991
820.726903,52,-6.16146
820.9769,52,-6.162802
821.226983,52,-6.152186
821.477041,52,-6.145101
821.727106,52,-6.137026
821.977284,52,-6.113283
822.227383,52,-6.100587
822.477507,52,-6.084353
822.727673,52,-6.062328
822.978045,52,-6.011787
823.228131,52,-6.000749
823.478304,52,-5.977716
823.728413,52,-5.963552
823.97872,52,-5.92206
824.229164,52,-5.861543
824.479033,52,-5.880586
824.729176,52,-5.861718
824.979389,52,-5.833183
825.22937,52,-5.836624
825.479462,52,-5.82488
825.729433,52,-5.829778
825.979467,52,-5.826014
826.229466,52,-5.827017
826.479288,52,-5.852584
826.729259,52,-5.857474
826.979424,52,-5.835471
827.229233,52,-5.862815
827.47909,52,-5.883521
827.728903,52,-5.910274
827.978837,52,-5.920358
828.228649,52,-5.947239
828.478471,52,-5.972753
828.728329,52,-5.993199
828.978169,52,-6.016269
829.228,52,-6.040548
829.477818,52,-6.06667
829.727665,52,-6.088752
829.977509,52,-6.111105
830.227337,52,-6.1359
830.477143,52,-6.163584
830.72731,52,-6.141404
830.977268,52,-6.148071
831.22723,52,-6.154255
831.477201,52,-6.15921
831.72721,52,-6.158812
831.977124,52,-6.171623
832.227129,52,-6.171803
832.477103,52,-6.176276
832.727047,52,-6.184977
832.976969,52,-6.196676
833.226946,52,-6.200728
833.476943,52,-6.202014
833.726849,52,-6.216028
833.976748,52,-6.230824
834.226814,52,-6.222595
834.476797,52,-6.225835
834.726789,52,-6.227946
834.97679,52,-6.228707
835.22678,52,-6.230997
835.476746,52,-6.236566
835.726713,52,-6.242072
835.976711,52,-6.24326
836.226712,52,-6.2439
836.476671,52,-6.250469
836.726644,52,-6.255112
836.976604,52,-6.26163
837.22667,52,-6.25337
837.476757,52,-6.242197
837.726771,52,-6.241189
837.976823,52,-6.234925
838.226849,52,-6.232293
838.477277,52,-6.173928
838.72756,52,-6.135811
838.977819,52,-6.100914
839.228043,52,-6.070779
839.478164,52,-6.054979
839.72841,52,-6.021814
839.978724,52,-5.979331
840.229033,52,-5.93746
840.479216,52,-5.913083
840.729477,52,-5.877866
840.979647,52,-5.855389
841.229847,52,-5.828608
841.480107,52,-5.793506
841.730273,52,-5.771466
841.98019,52,-5.783859
842.230026,52,-5.807455
842.480074,52,-5.801649
842.72989,52,-5.828053
842.979578,52,-5.872146
843.229344,52,-5.905349
843.479162,52,-5.931421
843.728858,52,-5.97439
843.978725,52,-5.993658
844.228442,52,-6.033711
844.478209,52,-6.066778
844.727886,52,-6.112374
844.977722,52,-6.135992
845.227441,52,-6.175753
845.4768,52,-6.265186
845.726694,52,-6.280823
845.976629,52,-6.290628
846.226583,52,-6.297939
846.476538,52,-6.305138
846.726464,52,-6.316233
846.976425,52,-6.322539
847.226388,52,-6.3285
847.476344,52,-6.335526
847.726299,52,-6.342586
847.976261,52,-6.348744
848.226227,52,-6.354476
848.476188,52,-6.360757
848.726142,52,-6.367977
848.976124,52,-6.371409
849.226091,52,-6.37678
849.476031,52,-6.385995
849.726001,52,-6.39107
849.975968,52,-6.396527
850.225973,52,-6.396825
850.475868,52,-6.412143
850.725828,52,-6.418601
850.975778,52,-6.426505
851.225752,52,-6.430997
851.475762,52,-6.430476
851.725763,52,-6.431211
851.975762,52,-6.432235
852.225781,52,-6.4305
852.47581,52,-6.427467
852.725824,52,-6.426442
852.975836,52,-6.425644
853.225842,52,-6.425707
853.475872,52,-6.422455
853.726005,52,-6.404942
853.975891,52,-6.421624
854.225907,52,-6.420357
854.475939,52,-6.416784
854.725987,52,-6.411049
854.976104,52,-6.39585
855.226296,52,-6.370177
855.476335,52,-6.365713
855.72643,52,-6.353426
855.976521,52,-6.341812
856.226603,52,-6.33141
856.476677,52,-6.322026
856.726789,52,-6.307473
856.976913,52,-6.291242
857.227489,52,-6.212483
857.477523,52,-6.208668
857.727708,52,-6.184055
857.977834,52,-6.167474
858.227988,52,-6.147068
858.478101,52,-6.132308
858.728377,52,-6.095156
858.978553,52,-6.071741
859.228654,52,-6.058652
859.478914,52,-6.023517
859.728839,52,-6.034821
859.978929,52,-6.023261
860.229003,52,-6.014025
860.478997,52,-6.015683
860.728835,52,-6.038959
860.978774,52,-6.048302
861.228613,52,-6.071459
861.478446,52,-6.095565
861.728182,52,-6.132891
861.977459,52,-6.233726
862.227288,52,-6.258375
862.477203,52,-6.271024
862.727195,52,-6.273041
862.97715,52,-6.280132
863.227132,52,-6.283562
863.477116,52,-6.286669
863.727066,52,-6.294528
863.977035,52,-6.299656
864.226986,52,-6.30733
864.476941,52,-6.314427
864.72688,52,-6.323745
864.976835,52,-6.330879
865.226793,52,-6.337639
865.476742,52,-6.345567
865.726677,52,-6.355416
865.9766,52,-6.367093
866.226553,52,-6.374443
866.476506,52,-6.381875
866.726441,52,-6.39171
866.97639,52,-6.399622
867.226345,52,-6.40684
867.476298,52,-6.414273
867.726206,52,-6.427821
867.976172,52,-6.433436
868.226111,52,-6.442713
868.476059,52,-6.450892
868.726007,52,-6.458922
868.975947,52,-6.468235
869.225914,52,-6.473675
869.475886,52,-6.478362
869.725856,52,-6.483529
869.975885,52,-6.480292
870.225904,52,-6.47864
870.475905,52,-6.47938
870.725941,52,-6.475332
870.975938,52,-6.476646
871.225941,52,-6.477182
871.475955,52,-6.476106
871.725944,52,-6.478556
871.975965,52,-6.47656
872.22596,52,-6.478137
872.475964,52,-6.478528
872.725983,52,-6.476818
872.975981,52,-6.477995
873.226018,52,-6.47366
873.476001,52,-6.476986
873.726026,52,-6.474407
873.976021,52,-6.475988
874.226038,52,-6.474627
874.476033,52,-6.476134
874.726036,52,-6.476695
874.976048,52,-6.475908
875.226039,52,-6.478031
875.47603,52,-6.480217
875.726023,52,-6.482087
875.976025,52,-6.482653
876.226037,52,-6.481899
876.476021,52,-6.485078
876.726021,52,-6.485981
876.976025,52,-6.486359
877.226004,52,-6.490075
877.476,52,-6.491631
877.72598,52,-6.495195
877.975976,52,-6.49666
878.225961,52,-6.499703
878.475936,52,-6.503973
878.725926,52,-6.506337
878.975931,52,-6.506585
879.225926,52,-6.508077
879.475925,52,-6.509136
879.726714,52,-6.400951
879.97699,52,-6.363775
880.226957,52,-6.369212
880.477176,52,-6.339886
880.727273,52,-6.327255
880.977728,52,-6.265302
881.227585,52,-6.285932
881.477549,52,-6.291907
881.727429,52,-6.309411
881.97732,52,-6.32531
882.227217,52,-6.340414
882.477079,52,-6.360516
882.726954,52,-6.378639
882.976813,52,-6.399029
883.226706,52,-6.4148
883.47642,52,-6.455132
883.72647,52,-6.449148
883.976509,52,-6.444744
884.226394,52,-6.461543
884.476287,52,-6.477151
884.726265,52,-6.48122
884.976193,52,-6.492074
885.226193,52,-6.492918
885.476156,52,-6.498894
885.726158,52,-6.4995
885.976142,52,-6.502658
886.226087,52,-6.511155
886.476094,52,-6.511185
886.726116,52,-6.509007
886.976079,52,-6.514977
887.226044,52,-6.520728
887.476038,52,-6.522551
887.726033,52,-6.524036
887.976033,52,-6.524983
888.226037,52,-6.525268
888.476042,52,-6.525521
888.726113,52,-6.516637
888.976177,52,-6.508698
889.226275,52,-6.496046
889.476315,52,-6.491364
889.726387,52,-6.482367
889.976458,52,-6.473467
890.226517,52,-6.466164
890.476637,52,-6.450468
890.726649,52,-6.449729
890.976713,52,-6.441749
891.226777,52,-6.433832
891.476821,52,-6.428642
891.726882,52,-6.421157
891.976991,52,-6.407026
892.227048,52,-6.400032
892.477299,52,-6.366259
892.727353,52,-6.359638
892.977263,52,-6.372992
893.227308,52,-6.367733
893.477373,52,-6.359601
893.727432,52,-6.352283
893.977543,52,-6.33796
894.227586,52,-6.332905
894.477639,52,-6.326497
894.727718,52,-6.316387
894.977793,52,-6.306906
895.227854,52,-6.299432
895.477931,52,-6.289639
895.728007,52,-6.280005
895.977975,52,-6.285385
896.228081,52,-6.271596
896.478159,52,-6.261789
896.72832,52,-6.240441
896.978493,52,-6.217347
897.228545,52,-6.211114
897.478604,52,-6.203861
897.728537,52,-6.214041
897.978685,52,-6.19448
898.228659,52,-6.19897
898.478754,52,-6.18672
898.728865,52,-6.172236
898.978708,52,-6.194894
899.228493,52,-6.225566
899.478249,52,-6.260142
899.727967,52,-6.300019
899.977763,52,-6.329175
900.227561,52,-6.35796
900.477334,52,-6.3903
900.727116,52,-6.421343
900.976812,52,-6.464252
901.226583,52,-6.496841
901.476343,52,-6.530955
901.72605,52,-6.572408
901.976125,52,-6.562908
902.225807,52,-6.607698
902.475714,52,-6.621456
902.725623,52,-6.635005
902.975522,52,-6.649818
903.225407,52,-6.666639
903.475319,52,-6.679793
903.725234,52,-6.692437
903.975123,52,-6.708729
904.22499,52,-6.727907
904.474881,52,-6.743952
904.724797,52,-6.756428
904.974719,52,-6.768148
905.224569,52,-6.789717
905.474587,52,-6.78816
905.724398,52,-6.815186
905.974426,52,-6.812224
906.22442,52,-6.813972
906.474464,52,-6.808831
906.724539,52,-6.799346
906.974566,52,-6.796582
907.224553,52,-6.799274
907.474536,52,-6.802466
907.724517,52,-6.806016
907.974525,52,-6.805817
908.224485,52,-6.812277
908.474501,52,-6.810916
908.724341,52,-6.833908
908.97434,52,-6.835002
909.224335,52,-6.83667
909.474333,52,-6.837791
909.724333,52,-6.838656
909.9743,52,-6.844149
910.224282,52,-6.847553
910.474298,52,-6.846292
910.724306,52,-6.846029
910.974262,52,-6.852986
911.224266,52,-6.853381
911.474256,52,-6.855667
911.724279,52,-6.853346
911.974287,52,-6.85321
912.224299,52,-6.852429
912.474321,52,-6.850282
912.724336,52,-6.849177
912.974351,52,-6.84792
913.224369,52,-6.846378
913.474384,52,-6.845196
913.724402,52,-6.843592
913.974428,52,-6.84091
914.224457,52,-6.837833
914.474492,52,-6.833895
914.724525,52,-6.830283
914.975365,52,-6.714956
915.225559,52,-6.689024
915.47571,52,-6.669095
915.725795,52,-6.658222
915.976479,52,-6.564528
916.226391,52,-6.577599
916.476429,52,-6.573347
916.726388,52,-6.579859
916.976394,52,-6.579956
917.226271,52,-6.597868
917.476249,52,-6.601823
917.726144,52,-6.617243
917.976089,52,-6.625738
918.225957,52,-6.644813
918.475753,52,-6.673933
918.725652,52,-6.688793
918.975497,52,-6.711139
919.225403,52,-6.725129
919.475242,52,-6.748212
919.72513,52,-6.764671
919.974978,52,-6.786581
920.224822,52,-6.808978
920.474706,52,-6.826038
920.724499,52,-6.855451
920.974469,52,-6.860565
921.224442,52,-6.865174
921.474413,52,-6.870125
921.724291,52,-6.887897
921.974169,52,-6.905689
922.224084,52,-6.918365
922.473989,52,-6.932301
922.723915,52,-6.943536
922.973841,52,-6.954616
923.223768,52,-6.965658
923.473705,52,-6.975226
923.723637,52,-6.985578
923.973566,52,-6.996285
924.223505,52,-7.00556
924.473443,52,-7.015118
924.723377,52,-7.025155
924.973326,52,-7.033125
925.223291,52,-7.038756
925.473206,52,-7.051408
925.723151,52,-7.059949
925.973165,52,-7.058986
926.223211,52,-7.053476
926.473215,52,-7.053897
926.72328,52,-7.0457
926.97335,52,-7.03697
927.223409,52,-7.029739
927.47349,52,-7.019454
927.723554,52,-7.011491
927.973643,52,-7.000074
928.223704,52,-6.992543
928.473808,52,-6.979138
928.723886,52,-6.969181
928.973978,52,-6.957331
929.224064,52,-6.946331
929.474212,52,-6.926903
929.724304,52,-6.914965
929.974406,52,-6.901886
930.224467,52,-6.894269
930.474639,52,-6.871437
930.724769,52,-6.85431
930.974972,52,-6.827111
931.225107,52,-6.809349
931.475249,52,-6.79063
931.725392,52,-6.771802
931.975537,52,-6.752617
932.225674,52,-6.734676
932.47583,52,-6.713975
932.725751,52,-6.725861
932.975655,52,-6.739942
933.2255,52,-6.762313
933.47534,52,-6.785269
933.725185,52,-6.807644
933.975027,52,-6.830411
934.224857,52,-6.854811
934.474691,52,-6.878702
934.724561,52,-6.89751
934.974386,52,-6.922696
935.224268,52,-6.939849
935.474085,52,-6.966046
935.723966,52,-6.983394
935.973865,52,-6.998258
936.223723,52,-7.018882
936.473681,52,-7.025571
936.723529,52,-7.047441
936.973445,52,-7.060007
937.223338,52,-7.07573
937.47323,52,-7.091547
937.72312,52,-7.107671
937.97302,52,-7.122369
938.222898,52,-7.140163
938.472817,52,-7.152304
938.722707,52,-7.168368
938.97262,52,-7.181335
939.222561,52,-7.19035
939.472501,52,-7.19953
939.722487,52,-7.202393
939.97252,52,-7.198717
940.22255,52,-7.19556
940.472569,52,-7.193795
940.722562,52,-7.195616
940.972558,52,-7.197051
941.22264,52,-7.186636
941.472694,52,-7.180084
941.72273,52,-7.175987
941.972773,52,-7.17107
942.222807,52,-7.167168
942.472827,52,-7.165349
942.722854,52,-7.162504
942.972898,52,-7.157368
943.222931,52,-7.153642
943.472937,52,-7.153807
943.723016,52,-7.143767
943.97305,52,-7.13987
944.223068,52,-7.138353
944.473126,52,-7.131253
944.723166,52,-7.12659
944.973133,52,-7.13212
945.223152,52,-7.130383
945.473145,52,-7.132243
945.723163,52,-7.130686
945.973166,52,-7.131179
946.223207,52,-7.126328
946.473209,52,-7.127004
946.723524,52,-7.084377
946.973783,52,-7.049403
947.224033,52,-7.015836
947.47429,52,-6.981196
947.724539,52,-6.947638
947.974812,52,-6.910723
948.225096,52,-6.872347
948.475341,52,-6.839388
948.725597,52,-6.805014
948.97586,52,-6.76942
949.226091,52,-6.738442
949.476347,52,-6.703989
949.726626,52,-6.666252
949.976824,52,-6.639766
950.226358,52,-6.70513
950.476331,52,-6.709834
950.726344,52,-6.708932
950.976368,52,-6.706497
951.226279,52,-6.71971
951.476058,52,-6.751162
951.725809,52,-6.78651
951.975609,52,-6.814985
952.225397,52,-6.845293
952.475124,52,-6.883857
952.724905,52,-6.915083
952.974674,52,-6.948002
953.224412,52,-6.985073
953.47367,52,-7.088505
953.723641,52,-7.093438
953.97365,52,-7.093087
954.223618,52,-7.098428
954.47357,52,-7.106011
954.72357,52,-7.10694
954.973601,52,-7.103498
955.22366,52,-7.096258
955.473719,52,-7.089003
955.723748,52,-7.085981
955.973759,52,-7.085341
956.223922,52,-7.063717
956.473798,52,-7.081679
956.723831,52,-7.078048
956.974089,52,-7.043336
957.224154,52,-7.035267
957.474257,52,-7.021902
957.724421,52,-7.000145
957.97455,52,-6.983181
958.224657,52,-6.969248
958.47476,52,-6.95589
958.724902,52,-6.937175
958.974996,52,-6.92505
959.22511,52,-6.910277
959.475088,52,-6.914176
959.725066,52,-6.918145
959.975013,52,-6.926404
960.224892,52,-6.944014
960.474789,52,-6.95922
960.724742,52,-6.966588
960.974643,52,-6.981178
961.224543,52,-6.99591
961.474437,52,-7.011378
961.724321,52,-7.028443
961.974228,52,-7.042117
962.224125,52,-7.057286
962.474005,52,-7.07476
962.723921,52,-7.087338
962.973765,52,-7.109761
963.223668,52,-7.124063
963.473542,52,-7.142468
963.723418,52,-7.160446
963.973292,52,-7.178812
964.223153,52,-7.198974
964.473027,52,-7.217195
964.722897,52,-7.236191
964.97278,52,-7.253263
965.222968,52,-7.228104
965.472979,52,-7.227488
965.722932,52,-7.234902
965.972907,52,-7.239304
966.222889,52,-7.242695
966.472855,52,-7.248228
966.722795,52,-7.257429
966.9728,52,-7.25765
967.222792,52,-7.259682
967.472779,52,-7.262426
967.722732,52,-7.269818
967.972735,52,-7.270215
968.222731,52,-7.271707
968.472696,52,-7.277444
968.722688,52,-7.279548
968.972652,52,-7.285364
969.22262,52,-7.290702
969.472598,52,-7.294678
969.722569,52,-7.299618
969.972533,52,-7.305412
970.222526,52,-7.307338
970.472505,52,-7.31118
970.722491,52,-7.313987
970.972476,52,-7.31696
971.222459,52,-7.320242
971.472437,52,-7.324097
971.722404,52,-7.329613
971.97238,52,-7.333805
972.222336,52,-7.340747
972.472398,52,-7.333104
972.722314,52,-7.345613
972.97235,52,-7.341527
973.222333,52,-7.344818
973.472331,52,-7.34605
973.722363,52,-7.342552
973.972404,52,-7.337728
974.222478,52,-7.328463
974.47249,52,-7.327715
974.722537,52,-7.322122
974.97256,52,-7.319811
975.22261,52,-7.31383
975.47265,52,-7.309175
975.722688,52,-7.304795
975.972723,52,-7.300823
976.222758,52,-7.296917
976.472828,52,-7.288224
976.722861,52,-7.284485
976.972861,52,-7.285414
977.222959,52,-7.272746
977.473024,52,-7.264704
977.723081,52,-7.257718
977.973134,52,-7.251282
978.223143,52,-7.250863
978.473182,52,-7.246488
978.723142,52,-7.252858
978.973101,52,-7.25951
979.223094,52,-7.261344
979.473042,52,-7.26937
979.723043,52,-7.270178
979.97298,52,-7.279831
980.222998,52,-7.278213
980.472963,52,-7.283967
980.722926,52,-7.290027
980.972915,52,-7.292451
981.222898,52,-7.295703
981.472886,52,-7.298238
981.722854,52,-7.303541
981.972832,52,-7.307463
982.222822,52,-7.309768
982.472796,52,-7.314222
982.722774,52,-7.318191
982.972765,52,-7.320369
983.222755,52,-7.322646
983.472742,52,-7.325326
983.722736,52,-7.327042
983.972727,52,-7.329176
984.22271,52,-7.332508
984.472712,52,-7.333164
984.722688,52,-7.337289
984.972679,52,-7.339516
985.222666,52,-7.342148
985.472647,52,-7.345682
985.722647,52,-7.346638
985.972621,52,-7.351128
986.222598,52,-7.355267
986.472595,52,-7.356493
986.72258,52,-7.359495
986.972575,52,-7.361135
987.222551,52,-7.365283
987.472485,52,-7.375378
987.722443,52,-7.382114
987.972402,52,-7.388693
988.222367,52,-7.394318
988.472337,52,-7.399416
988.722279,52,-7.408379
988.972239,52,-7.414856
989.222195,52,-7.421804
989.47216,52,-7.427577
989.722134,52,-7.431987
989.97215,52,-7.430696
990.222133,52,-7.433977
990.472142,52,-7.433673
990.722153,52,-7.433047
990.97218,52,-7.43012
991.22218,52,-7.431063
991.472179,52,-7.432162
991.722186,52,-7.432031
991.972195,52,-7.431667
992.222209,52,-7.430647
992.472228,52,-7.428999
992.722247,52,-7.427208
992.972267,52,-7.42542
993.222286,52,-7.423606
993.472323,52,-7.419472
993.722364,52,-7.414667
993.972376,52,-7.41389
994.222419,52,-7.408911
994.472429,52,-7.408362
994.722445,52,-7.407093
994.972531,52,-7.39615
995.222583,52,-7.389881
995.472661,52,-7.380012
995.722703,52,-7.37501
995.972747,52,-7.369824
996.222798,52,-7.363709
996.472869,52,-7.354859
996.72292,52,-7.348713
996.972973,52,-7.342174
997.223058,52,-7.331338
997.4731,52,-7.326521
997.723125,52,-7.324001
997.97317,52,-7.318578
998.223212,52,-7.313685
998.473284,52,-7.304693
998.723322,52,-7.300369
998.973226,52,-7.314468
999.223131,52,-7.3285
999.473053,52,-7.340209
999.723055,52,-7.340799
999.973007,52,-7.348331
1000.222835,52,-7.37306
